full_name,metric,drop_degenerate,re_Group,re_t_rel_post,re_post_num
3rdIteration/btcrecover,design_smell_density_per_kloc,False,-0.8649264980654823,-0.029301933953480814,
567-labs/instructor,design_smell_density_per_kloc,False,-0.1630605821130707,-0.009601808472970465,
AgentOps-AI/agentops,design_smell_density_per_kloc,False,-0.31166833383865955,-0.01299474169524164,
Albeoris/Memoria,design_smell_density_per_kloc,False,-0.5105953462034013,-0.01732577070256677,
Azure/azure-cosmos-dotnet-v3,design_smell_density_per_kloc,False,-0.07900604864791012,-0.0034976622420973833,
Azure/azure-functions-core-tools,design_smell_density_per_kloc,False,2.0632361992590558,0.06172088364246195,
Azure/data-api-builder,design_smell_density_per_kloc,False,-0.45969500555503845,-0.016560660910342653,
BerriAI/litellm,design_smell_density_per_kloc,False,-0.5410322281926004,-0.015438425339865568,
Blaizzy/mlx-vlm,design_smell_density_per_kloc,False,0.014177579383008935,-0.0023159255114563316,
DaveSkender/Stock.Indicators,design_smell_density_per_kloc,False,1.8350665499976593,0.0585471961786993,
EduardoPires/EquinoxProject,design_smell_density_per_kloc,False,2.1995120720895147,0.07163873915026617,
Kiln-AI/Kiln,design_smell_density_per_kloc,False,-0.5194149906395743,-0.016413308633282688,
MervinPraison/PraisonAI,design_smell_density_per_kloc,False,-0.5402990006638139,-0.01806917353804174,
NethermindEth/nethermind,design_smell_density_per_kloc,False,0.4751201829337465,0.013903500313896628,
NewFuture/DDNS,design_smell_density_per_kloc,False,-0.8738564221469131,-0.02933264600208176,
PriorLabs/TabPFN,design_smell_density_per_kloc,False,-0.7870951537212711,-0.025038694480955793,
PromtEngineer/localGPT,design_smell_density_per_kloc,False,-0.6913058614197601,-0.021227477843431094,
Significant-Gravitas/AutoGPT,design_smell_density_per_kloc,False,-0.4359919797167688,-0.012004227608474733,
Skyvern-AI/skyvern,design_smell_density_per_kloc,False,-0.2209509441933761,-0.007670472526596893,
TobikoData/sqlmesh,design_smell_density_per_kloc,False,-0.4767716838621575,-0.016940838787410394,
aipotheosis-labs/aci,design_smell_density_per_kloc,False,-0.2483640554143117,-0.008059331805806437,
airbytehq/airbyte,design_smell_density_per_kloc,False,-0.38305592938781324,-0.014614386547914627,
alexanderjeurissen/ranger_devicons,design_smell_density_per_kloc,False,-0.8637081499383888,-0.028671737826009364,
bentoml/BentoML,design_smell_density_per_kloc,False,-0.7228798981638158,-0.021848327924006015,
browser-use/browser-use,design_smell_density_per_kloc,False,-0.45971067765084517,-0.015230370101749909,
bruin-data/ingestr,design_smell_density_per_kloc,False,-0.624116545930582,-0.0200989144946824,
cartography-cncf/cartography,design_smell_density_per_kloc,False,-0.8270937630237901,-0.027120743846865324,
commaai/opendbc,design_smell_density_per_kloc,False,-0.6454572004192672,-0.017096337023124356,
crewAIInc/crewAI,design_smell_density_per_kloc,False,-0.43429623462208633,-0.011074470128105581,
crewAIInc/crewAI-tools,design_smell_density_per_kloc,False,0.3324409936248141,0.015429988006507259,
dagster-io/dagster,design_smell_density_per_kloc,False,-0.6998661340355694,-0.023120745225083658,
dotnet/android,design_smell_density_per_kloc,False,0.7847397092435733,0.02530339226162863,
dotnet/aspire,design_smell_density_per_kloc,False,1.4947941777834166,0.048896970823288116,
dotnet/aspnetcore,design_smell_density_per_kloc,False,0.16724870714375786,0.004816541951334029,
dotnet/docfx,design_smell_density_per_kloc,False,1.429569267610074,0.04312310125917865,
dotnet/dotnet-api-docs,design_smell_density_per_kloc,False,-0.11089372743724177,-0.004312771099421289,
dotnet/maui,design_smell_density_per_kloc,False,0.182068454329312,0.004281941777765608,
dotnet/msbuild,design_smell_density_per_kloc,False,-0.39770121069493414,-0.012767309728331417,
dotnet/sdk,design_smell_density_per_kloc,False,0.10072341797234916,0.0005675242288287635,
dropseed/plain,design_smell_density_per_kloc,False,-0.716264107944326,-0.0238337512358054,
elsa-workflows/elsa-core,design_smell_density_per_kloc,False,1.2121226175750794,0.03716475483690887,
getsentry/sentry,design_smell_density_per_kloc,False,-0.6564931243988298,-0.021056496915406373,
graphistry/pygraphistry,design_smell_density_per_kloc,False,-0.7290850624826196,-0.024890212575665375,
ikamensh/flynt,design_smell_density_per_kloc,False,-0.5871693225148172,-0.020972383885650647,
janbjorge/pgqueuer,design_smell_density_per_kloc,False,-0.5946345556046853,-0.019713897596982992,
keephq/keep,design_smell_density_per_kloc,False,-0.681827918497347,-0.022587623167096088,
langbot-app/LangBot,design_smell_density_per_kloc,False,-0.4644628419443914,-0.014870662603194943,
langchain-ai/langgraph,design_smell_density_per_kloc,False,-0.6434621010413084,-0.02080707597122016,
mangiucugna/json_repair,design_smell_density_per_kloc,False,-0.7021015035132776,-0.02255932709900945,
microsoft/PowerToys,design_smell_density_per_kloc,False,0.3670909888995495,0.010503906041292935,
microsoft/WinUI-Gallery,design_smell_density_per_kloc,False,0.12060141135861877,0.004427006098261265,
microsoft/autogen,design_smell_density_per_kloc,False,-0.7785726282196755,-0.02613271507383079,
microsoft/fluentui-blazor,design_smell_density_per_kloc,False,14.689911174808291,0.5151939884092259,
microsoft/magentic-ui,design_smell_density_per_kloc,False,-0.4592341836654819,-0.014536038158612742,
microsoft/perfview,design_smell_density_per_kloc,False,0.5944919157363378,0.018541995254985216,
microsoft/testfx,design_smell_density_per_kloc,False,-0.6230841743377994,-0.022169843866842058,
microsoft/vstest,design_smell_density_per_kloc,False,-0.5415556616608136,-0.018157428294708785,
mlflow/mlflow,design_smell_density_per_kloc,False,-0.8234201354302118,-0.0271910848916944,
mrwadams/stride-gpt,design_smell_density_per_kloc,False,-0.7089321300469067,-0.02176603450997913,
netket/netket,design_smell_density_per_kloc,False,-0.7583919609900547,-0.025454277019498713,
nkdAgility/azure-devops-migration-tools,design_smell_density_per_kloc,False,4.013952461480592,0.12232132674387414,
onnx/onnx,design_smell_density_per_kloc,False,-0.7637015536385392,-0.02564167573528698,
onyx-dot-app/onyx,design_smell_density_per_kloc,False,-0.457084640092036,-0.013970724817724291,
pardeike/Harmony,design_smell_density_per_kloc,False,0.06578529666354518,0.0008460938737673562,
peass-ng/PEASS-ng,design_smell_density_per_kloc,False,-0.39935935399487044,-0.013366449994255675,
pytorch/pytorch,design_smell_density_per_kloc,False,-0.5876097590960035,-0.018984364135598418,
reflex-dev/reflex,design_smell_density_per_kloc,False,-0.49625950149821546,-0.016109461247748442,
roboflow/inference,design_smell_density_per_kloc,False,-0.6973170773599522,-0.022379358664087832,
spcl/dace,design_smell_density_per_kloc,False,-0.7703171449165243,-0.025524358062438524,
stanfordnlp/dspy,design_smell_density_per_kloc,False,-0.6619242190913385,-0.0222116950277715,
syncfusion/maui-toolkit,design_smell_density_per_kloc,False,0.015619122345152758,0.0006838085093683869,
ucbepic/docetl,design_smell_density_per_kloc,False,-0.5930801088623867,-0.019544207903200286,
vllm-project/vllm,design_smell_density_per_kloc,False,-0.5607090086701888,-0.019057498164937122,
wandb/weave,design_smell_density_per_kloc,False,-0.7662032581970191,-0.025582961531885638,
wieslawsoltes/Dock,design_smell_density_per_kloc,False,0.39804438365117933,0.01672510260514986,
wieslawsoltes/Svg.Skia,design_smell_density_per_kloc,False,0.34414697991841875,0.0091408312875187,
wizarrrr/wizarr,design_smell_density_per_kloc,False,-0.7172538167126784,-0.02163347079481512,
writer/writer-framework,design_smell_density_per_kloc,False,-0.5820123933802271,-0.02064307907512023,
zenml-io/zenml,design_smell_density_per_kloc,False,-0.48612681030703875,-0.014681221234775544,
3rdIteration/btcrecover,implementation_smell_density_per_kloc,False,-0.4465297492204688,0.00501872523291037,0.008716066497156791
567-labs/instructor,implementation_smell_density_per_kloc,False,-0.5286220092875402,0.011503399841934003,-0.16951140755770133
AgentOps-AI/agentops,implementation_smell_density_per_kloc,False,-0.48777358620016825,-0.0042129742044100535,0.838396208506308
Albeoris/Memoria,implementation_smell_density_per_kloc,False,0.7688851569963405,-0.006639484801860403,-0.11406158493187002
Azure/azure-cosmos-dotnet-v3,implementation_smell_density_per_kloc,False,0.666329268402559,-0.006528312580311414,-0.08255428629224192
Azure/azure-functions-core-tools,implementation_smell_density_per_kloc,False,1.0795020602498842,-0.018431435991904707,-0.1576552905043961
Azure/data-api-builder,implementation_smell_density_per_kloc,False,-0.9221351132238235,0.01324196231429774,0.06935069654091958
BerriAI/litellm,implementation_smell_density_per_kloc,False,-0.11795925785022486,-0.017081873066727527,-0.0029625557228063846
Blaizzy/mlx-vlm,implementation_smell_density_per_kloc,False,-0.9010370859223782,0.04744460465495579,0.45534524685875594
DaveSkender/Stock.Indicators,implementation_smell_density_per_kloc,False,3.529445736516186,-0.02997762156994869,-0.22120328420646165
EduardoPires/EquinoxProject,implementation_smell_density_per_kloc,False,0.02085738025661525,-0.005471643563371488,-0.3260348134207049
Kiln-AI/Kiln,implementation_smell_density_per_kloc,False,-0.7488584926912777,0.01045647218629413,0.28179894005876827
MervinPraison/PraisonAI,implementation_smell_density_per_kloc,False,-0.20512682033547455,0.06449175552933543,-0.4896165501871301
NethermindEth/nethermind,implementation_smell_density_per_kloc,False,1.578659642903062,-0.007603994478676166,0.011796653862902094
NewFuture/DDNS,implementation_smell_density_per_kloc,False,-1.01204214557184,-0.004603108705961271,-0.29867931657379726
PriorLabs/TabPFN,implementation_smell_density_per_kloc,False,-0.1280433329083304,-0.03765183519194217,-0.6692398600206648
PromtEngineer/localGPT,implementation_smell_density_per_kloc,False,-1.46156673003887,0.025160356113596214,0.7292185060608193
Significant-Gravitas/AutoGPT,implementation_smell_density_per_kloc,False,-0.06946719242521641,0.019714057663889714,0.19852741231584703
Skyvern-AI/skyvern,implementation_smell_density_per_kloc,False,2.835932827402357,-0.0484732883836912,-1.307255134922707
TobikoData/sqlmesh,implementation_smell_density_per_kloc,False,-0.23121240206035246,-0.005627922139594941,-0.1222304127917905
aipotheosis-labs/aci,implementation_smell_density_per_kloc,False,-1.24306068597716,0.027916360857120646,0.4592175952298287
airbytehq/airbyte,implementation_smell_density_per_kloc,False,-0.13845286972052442,-0.01940559301157737,-0.19670064559627182
alexanderjeurissen/ranger_devicons,implementation_smell_density_per_kloc,False,-1.5198169724574018,0.008146803527254507,-0.11434381171340548
bentoml/BentoML,implementation_smell_density_per_kloc,False,-0.40590228587916577,0.013572201491332193,0.3494912144215106
browser-use/browser-use,implementation_smell_density_per_kloc,False,1.162897051424922,0.00039036189818571866,-0.4910325286779765
bruin-data/ingestr,implementation_smell_density_per_kloc,False,-0.7788698512254307,-0.0021614214510463025,0.00019484976696660736
cartography-cncf/cartography,implementation_smell_density_per_kloc,False,-1.4477009085448986,0.00610363526396528,-0.12058371450179321
commaai/opendbc,implementation_smell_density_per_kloc,False,0.9321018542776224,-0.011441263968120896,-0.34019869424018573
crewAIInc/crewAI,implementation_smell_density_per_kloc,False,-0.30706026652532836,0.03719553836460766,-0.15630558296754835
crewAIInc/crewAI-tools,implementation_smell_density_per_kloc,False,-0.41916002481602094,0.011639518261225463,0.9998902508886299
dagster-io/dagster,implementation_smell_density_per_kloc,False,-0.8962864666824364,0.009274016531937273,0.04290916323059706
dotnet/android,implementation_smell_density_per_kloc,False,0.9774154127974474,-0.0037096739551306973,-0.0838009262529231
dotnet/aspire,implementation_smell_density_per_kloc,False,0.9537817490247069,-0.01044831932909582,0.12376983528645225
dotnet/aspnetcore,implementation_smell_density_per_kloc,False,1.3573480740858435,-0.0068621303659748825,0.0008729847229555353
dotnet/docfx,implementation_smell_density_per_kloc,False,1.579793618128576,-0.012921712617728336,-0.1562533348329581
dotnet/dotnet-api-docs,implementation_smell_density_per_kloc,False,-0.2385686461159529,-0.00029567036728836345,-0.13892777144395158
dotnet/maui,implementation_smell_density_per_kloc,False,1.1738748126291687,-0.007306991132648166,0.09327594595057463
dotnet/msbuild,implementation_smell_density_per_kloc,False,0.09130629175663153,0.003394767349642613,0.08713904370307327
dotnet/sdk,implementation_smell_density_per_kloc,False,0.31365642167512997,-0.030883366514394505,-0.10705403322014659
dropseed/plain,implementation_smell_density_per_kloc,False,0.9024755043649888,-0.006458294849701106,0.32514565761100994
elsa-workflows/elsa-core,implementation_smell_density_per_kloc,False,0.2551413306217563,-0.03425839458523164,0.002364691586486983
getsentry/sentry,implementation_smell_density_per_kloc,False,0.000549657666394815,-0.0037319388667296813,-0.22186045980122152
graphistry/pygraphistry,implementation_smell_density_per_kloc,False,0.30208508139720136,-0.03113288755577108,-0.039296909597031436
ikamensh/flynt,implementation_smell_density_per_kloc,False,-0.9983017369508975,0.007606907282963647,-0.1525339631605771
janbjorge/pgqueuer,implementation_smell_density_per_kloc,False,-1.0046460425797779,0.004210524753979439,0.03541897609050546
keephq/keep,implementation_smell_density_per_kloc,False,-0.017573990113078603,0.0041756186779069926,0.1983035682723747
langbot-app/LangBot,implementation_smell_density_per_kloc,False,2.083793546457092,-0.10271646803492124,-0.1843775353011159
langchain-ai/langgraph,implementation_smell_density_per_kloc,False,-0.6773915956962642,0.002545015276269339,0.08712529941138003
mangiucugna/json_repair,implementation_smell_density_per_kloc,False,-1.073738901876629,-0.020787394157223818,-0.20649619638455524
microsoft/PowerToys,implementation_smell_density_per_kloc,False,0.0783777756322539,8.92050416728799e-05,0.029253165517434
microsoft/WinUI-Gallery,implementation_smell_density_per_kloc,False,-0.5043392333688115,0.007853470563841754,0.039828029280819986
microsoft/autogen,implementation_smell_density_per_kloc,False,-0.0841617682771716,0.0059020144414954285,0.4264847412997177
microsoft/fluentui-blazor,implementation_smell_density_per_kloc,False,-0.7717778235752387,0.004335048995007589,0.01735176841057888
microsoft/magentic-ui,implementation_smell_density_per_kloc,False,0.03233645548391093,0.0003402448990314481,-0.15199620718516785
microsoft/perfview,implementation_smell_density_per_kloc,False,0.7521417928994417,-0.004544332259130293,0.06073298719553431
microsoft/testfx,implementation_smell_density_per_kloc,False,-0.6798791739896499,-0.00838117115152754,-0.6845301742254591
microsoft/vstest,implementation_smell_density_per_kloc,False,-0.9751891397550052,0.006391416897814448,-0.06325537788517069
mlflow/mlflow,implementation_smell_density_per_kloc,False,-1.0160561466807052,0.01242612428471549,-0.014988249079195774
mrwadams/stride-gpt,implementation_smell_density_per_kloc,False,-1.475780221324396,0.005880666951599745,-0.07003464777927365
netket/netket,implementation_smell_density_per_kloc,False,-0.8173499908274233,0.0022162642093927075,-0.2910977748306662
nkdAgility/azure-devops-migration-tools,implementation_smell_density_per_kloc,False,2.078993759628899,-0.006058467804566313,0.46329680335699314
onnx/onnx,implementation_smell_density_per_kloc,False,-0.8026865617384519,0.0040690896993598145,-0.061213598251316274
onyx-dot-app/onyx,implementation_smell_density_per_kloc,False,-0.23881454032176985,0.0030057835861438237,0.05963590707323455
pardeike/Harmony,implementation_smell_density_per_kloc,False,1.5028030527708804,-0.008609578201613307,0.1900357550354539
peass-ng/PEASS-ng,implementation_smell_density_per_kloc,False,0.9421545146199756,-0.00595694640677195,-0.11090811369496463
pytorch/pytorch,implementation_smell_density_per_kloc,False,0.6243092345871251,0.0036779853199736374,0.0884074088825437
reflex-dev/reflex,implementation_smell_density_per_kloc,False,-0.7181760801575641,0.010748746506894075,-0.0013456154575701145
roboflow/inference,implementation_smell_density_per_kloc,False,-0.8544487940631332,0.009499137338622878,-0.19899996932578481
spcl/dace,implementation_smell_density_per_kloc,False,0.6314429438271487,-0.011761989378008493,-0.22892723609350693
stanfordnlp/dspy,implementation_smell_density_per_kloc,False,0.1390172219523548,-0.02004694826907759,-0.749772822784611
syncfusion/maui-toolkit,implementation_smell_density_per_kloc,False,0.8634374101948369,0.009049859466222497,0.5563192125495244
ucbepic/docetl,implementation_smell_density_per_kloc,False,-0.9580833432891573,0.009384833556509981,-0.11115729410934311
vllm-project/vllm,implementation_smell_density_per_kloc,False,-0.24331369041036874,0.004520627451975699,-0.14997837305512024
wandb/weave,implementation_smell_density_per_kloc,False,-0.528946817195359,0.0274137794850133,0.04848745274358332
wieslawsoltes/Dock,implementation_smell_density_per_kloc,False,0.24276413758156828,0.02545837542843323,0.20378994484004628
wieslawsoltes/Svg.Skia,implementation_smell_density_per_kloc,False,1.455245646262998,-0.008342675307400212,-0.10056632846499967
wizarrrr/wizarr,implementation_smell_density_per_kloc,False,-1.4421301380522442,0.05633266633005409,1.547558089405628
writer/writer-framework,implementation_smell_density_per_kloc,False,-1.0243003576552563,0.01706563257914283,0.5532309187623742
zenml-io/zenml,implementation_smell_density_per_kloc,False,-0.34651744090105363,0.011663548112606762,-0.02313860418093303
3rdIteration/btcrecover,cyclomatic_complexity_p90,False,1.411980205511063,-0.006775900168730025,0.2787348438531058
567-labs/instructor,cyclomatic_complexity_p90,False,-0.9493732123748863,0.0690556804722884,-0.003378281920925346
AgentOps-AI/agentops,cyclomatic_complexity_p90,False,-1.7168806068761415,0.12218601293061125,2.424271594330348
Albeoris/Memoria,cyclomatic_complexity_p90,False,3.021731666067709,-0.008863556747478723,0.6819978748089272
Azure/azure-cosmos-dotnet-v3,cyclomatic_complexity_p90,False,-0.9989098346568097,0.001802759851809943,-0.30688276007064796
Azure/azure-functions-core-tools,cyclomatic_complexity_p90,False,0.3598035134147769,-0.013408592656163478,-0.5887790544691547
Azure/data-api-builder,cyclomatic_complexity_p90,False,-0.5968133843446698,0.00935833300434817,0.2385759996590984
BerriAI/litellm,cyclomatic_complexity_p90,False,4.234359554729666,-0.06587510442460326,-1.9041827000713571
Blaizzy/mlx-vlm,cyclomatic_complexity_p90,False,0.06123764048739077,0.05254457400022647,-0.15649070409636723
DaveSkender/Stock.Indicators,cyclomatic_complexity_p90,False,-1.8341923596480345,0.0049543957159404114,-0.48082215104676657
EduardoPires/EquinoxProject,cyclomatic_complexity_p90,False,-1.996776865369915,0.008412166100496533,-0.3378162342639442
Kiln-AI/Kiln,cyclomatic_complexity_p90,False,-1.383999522656069,-0.04672117108637819,-0.19367442019083062
MervinPraison/PraisonAI,cyclomatic_complexity_p90,False,1.5638026439733803,-0.09823708645652136,1.033731090688247
NethermindEth/nethermind,cyclomatic_complexity_p90,False,-1.0018136777997058,0.0022461309821576207,-0.31011500853493823
NewFuture/DDNS,cyclomatic_complexity_p90,False,3.9796250971307523,-0.23179058367409675,-3.73441274232353
PriorLabs/TabPFN,cyclomatic_complexity_p90,False,1.328056751738848,-0.11333376655445228,0.15245846621313305
PromtEngineer/localGPT,cyclomatic_complexity_p90,False,1.7977744373749807,0.02534712392606497,1.8102268508549866
Significant-Gravitas/AutoGPT,cyclomatic_complexity_p90,False,0.31170220846139957,0.006362304424504431,0.4224067578089655
Skyvern-AI/skyvern,cyclomatic_complexity_p90,False,1.5692747945143732,0.017084440577685083,0.47971415371589665
TobikoData/sqlmesh,cyclomatic_complexity_p90,False,-0.19477956398845658,0.0008825254436857371,-0.05007911702120476
aipotheosis-labs/aci,cyclomatic_complexity_p90,False,-0.4893088742627191,-0.007168669394698129,-0.5786367298905769
airbytehq/airbyte,cyclomatic_complexity_p90,False,-1.6831731524714737,0.004978956402238642,0.3319241433265846
alexanderjeurissen/ranger_devicons,cyclomatic_complexity_p90,False,-3.097829985006644,-0.0014162609065661838,-1.0504910058392165
bentoml/BentoML,cyclomatic_complexity_p90,False,-0.1299717823102921,0.010920857591897662,0.7552531632069718
browser-use/browser-use,cyclomatic_complexity_p90,False,1.078168089679841,0.10467400565496743,2.6054285164061217
bruin-data/ingestr,cyclomatic_complexity_p90,False,0.8043419775634046,0.013942272453184662,0.9356969830738973
cartography-cncf/cartography,cyclomatic_complexity_p90,False,-1.0017747655114546,0.0020184194078243243,-0.3073079943118617
commaai/opendbc,cyclomatic_complexity_p90,False,1.151891269548988,0.002074113128925087,0.5141609179327598
crewAIInc/crewAI,cyclomatic_complexity_p90,False,-1.1831160853272045,0.014814673246865128,0.9083117985394745
crewAIInc/crewAI-tools,cyclomatic_complexity_p90,False,-1.467363666269516,0.06345279620323432,1.6680122861394204
dagster-io/dagster,cyclomatic_complexity_p90,False,-1.9959603055151989,0.028509807253017442,0.5369981059744157
dotnet/android,cyclomatic_complexity_p90,False,0.8904998270293866,0.049492330965836655,-0.7403897151266262
dotnet/aspire,cyclomatic_complexity_p90,False,-0.9386234480485666,0.0023886019489882102,-0.25243342704637584
dotnet/aspnetcore,cyclomatic_complexity_p90,False,-1.9967767496315958,0.008411032074440538,-0.33781377037264876
dotnet/docfx,cyclomatic_complexity_p90,False,0.02317769788897162,-0.005412113523783951,-0.2969175358934122
dotnet/dotnet-api-docs,cyclomatic_complexity_p90,False,-1.9998055330956428,0.009748088131899483,-0.3408860579670526
dotnet/maui,cyclomatic_complexity_p90,False,-0.9989060922979883,0.0017834809093491843,-0.30659393534685975
dotnet/msbuild,cyclomatic_complexity_p90,False,-0.5387607515556273,-0.0091551491887339,-0.7043411437245577
dotnet/sdk,cyclomatic_complexity_p90,False,-0.6508415076896134,-0.03873756137655576,-0.07481606693946878
dropseed/plain,cyclomatic_complexity_p90,False,-0.07603206733278148,0.01401084011096844,0.6826700667879517
elsa-workflows/elsa-core,cyclomatic_complexity_p90,False,-2.9922665441462972,0.04756886025123044,0.3535051916531265
getsentry/sentry,cyclomatic_complexity_p90,False,-0.9890553080026668,0.0009432531354728432,-0.296053019114548
graphistry/pygraphistry,cyclomatic_complexity_p90,False,1.1060784510948993,-0.08256225740158338,-0.5421762479956984
ikamensh/flynt,cyclomatic_complexity_p90,False,-1.3643530015857124,0.0315287948763846,-0.19571928186301193
janbjorge/pgqueuer,cyclomatic_complexity_p90,False,-1.858942346883387,0.008673679741927075,-0.32014015329601075
keephq/keep,cyclomatic_complexity_p90,False,0.38466007781472367,0.023837458553291117,1.2326859342336411
langbot-app/LangBot,cyclomatic_complexity_p90,False,1.1515565508894359,0.0769199375966742,-0.6583589532564827
langchain-ai/langgraph,cyclomatic_complexity_p90,False,0.6930615457309454,0.01647866248119742,0.9979993416076929
mangiucugna/json_repair,cyclomatic_complexity_p90,False,6.129472922095065,-0.22677293382116886,0.07899495422658244
microsoft/PowerToys,cyclomatic_complexity_p90,False,-0.14394411536884982,-0.0014135041285358954,-0.15443974097926644
microsoft/WinUI-Gallery,cyclomatic_complexity_p90,False,-1.882826443432439,0.028265132505134943,0.45252417692273517
microsoft/autogen,cyclomatic_complexity_p90,False,2.3297977261133305,-0.06040633082105115,-2.2861679812301836
microsoft/fluentui-blazor,cyclomatic_complexity_p90,False,-2.302134197333467,-0.021108161499561327,-1.842809956959019
microsoft/magentic-ui,cyclomatic_complexity_p90,False,2.1286805966970053,-0.14853184387700566,-0.3328980243439728
microsoft/perfview,cyclomatic_complexity_p90,False,0.3428685217894783,-0.013041592837275958,-0.5720911020332081
microsoft/testfx,cyclomatic_complexity_p90,False,-3.047996804976136,-0.0008172662568127092,-1.2153222403755675
microsoft/vstest,cyclomatic_complexity_p90,False,-3.995816306144477,0.02473245217295743,-0.4065203184940571
mlflow/mlflow,cyclomatic_complexity_p90,False,-0.9989110126977166,0.001808847582665521,-0.3069734494737894
mrwadams/stride-gpt,cyclomatic_complexity_p90,False,-2.63303561506579,0.2911619741589178,6.699044928486956
netket/netket,cyclomatic_complexity_p90,False,-1.0025311663034675,0.06948600487319438,0.003329718135700345
nkdAgility/azure-devops-migration-tools,cyclomatic_complexity_p90,False,-0.1632320690625707,0.016160700230624003,0.7569350943709552
onnx/onnx,cyclomatic_complexity_p90,False,-1.2383169642122944,0.008445050415370714,-0.10562093707225098
onyx-dot-app/onyx,cyclomatic_complexity_p90,False,0.9800684015275485,0.006370342625869741,0.7669152427765967
pardeike/Harmony,cyclomatic_complexity_p90,False,-0.9988992324135373,0.0017483787990473152,-0.30606165917635564
peass-ng/PEASS-ng,cyclomatic_complexity_p90,False,1.4402796034320764,0.017679375044864366,-0.5920812509755006
pytorch/pytorch,cyclomatic_complexity_p90,False,0.0758821191476391,-0.004487757288900521,-0.19673623803924867
reflex-dev/reflex,cyclomatic_complexity_p90,False,-0.42162111313985934,0.005695519029505391,0.1487201650170554
roboflow/inference,cyclomatic_complexity_p90,False,-0.9649456929255192,0.002908002556898224,-0.23454258402472064
spcl/dace,cyclomatic_complexity_p90,False,2.992546557614035,-0.02487355336301031,-0.18765194090268852
stanfordnlp/dspy,cyclomatic_complexity_p90,False,0.47624274567504987,-0.012189133717451178,-0.34149051069652325
syncfusion/maui-toolkit,cyclomatic_complexity_p90,False,2.067494083819504,-0.01918743962172441,-0.11108566779870757
ucbepic/docetl,cyclomatic_complexity_p90,False,4.092054396901475,-0.03417746778954916,-0.05652655195180242
vllm-project/vllm,cyclomatic_complexity_p90,False,0.04098714037649745,0.0587326821563602,0.14737595580539173
wandb/weave,cyclomatic_complexity_p90,False,-0.3926011850238537,0.004773259560704548,0.07728625487897686
wieslawsoltes/Dock,cyclomatic_complexity_p90,False,0.03849577374446956,-0.04279836483202212,-1.4670846984825794
wieslawsoltes/Svg.Skia,cyclomatic_complexity_p90,False,3.1684106157925607,-0.05781433491056339,-1.222067964324309
wizarrrr/wizarr,cyclomatic_complexity_p90,False,5.4483904824566185,-0.04729330101464271,-2.627156980172748
writer/writer-framework,cyclomatic_complexity_p90,False,-1.5594683284108684,0.03859050359521771,1.0201560203316344
zenml-io/zenml,cyclomatic_complexity_p90,False,-0.8017744466595781,0.010405164482623398,0.4389914177314598
3rdIteration/btcrecover,design_smell_density_per_kloc,True,-0.910364901976683,-0.03382349635568078,
567-labs/instructor,design_smell_density_per_kloc,True,-0.2033759380502944,-0.01058040172595727,
AgentOps-AI/agentops,design_smell_density_per_kloc,True,-0.34592400671201773,-0.014544822173193828,
Albeoris/Memoria,design_smell_density_per_kloc,True,-0.5552326761120395,-0.020596122969641445,
Azure/azure-cosmos-dotnet-v3,design_smell_density_per_kloc,True,-0.12512157435880697,-0.005239186247588731,
Azure/azure-functions-core-tools,design_smell_density_per_kloc,True,2.00682885666521,0.06819566213527198,
Azure/data-api-builder,design_smell_density_per_kloc,True,-0.5046742860726521,-0.01944283429708662,
BerriAI/litellm,design_smell_density_per_kloc,True,-0.5709302230063896,-0.018818228998635455,
Blaizzy/mlx-vlm,design_smell_density_per_kloc,True,-0.023818843818832685,-0.0029698662610299397,
DaveSkender/Stock.Indicators,design_smell_density_per_kloc,True,1.7818931266813727,0.0633740852054078,
EduardoPires/EquinoxProject,design_smell_density_per_kloc,True,2.145193906639806,0.07738708838085534,
Kiln-AI/Kiln,design_smell_density_per_kloc,True,-0.5482446664327983,-0.019433313737665756,
MervinPraison/PraisonAI,design_smell_density_per_kloc,True,-0.5730247502080573,-0.021060948467350647,
NethermindEth/nethermind,design_smell_density_per_kloc,True,0.42646664124557704,0.014175363076938455,
PriorLabs/TabPFN,design_smell_density_per_kloc,True,-0.8278412866703151,-0.029424049306192312,
PromtEngineer/localGPT,design_smell_density_per_kloc,True,-0.7292499379319145,-0.025402039462963363,
Significant-Gravitas/AutoGPT,design_smell_density_per_kloc,True,-0.47281383617791195,-0.015377137865333844,
Skyvern-AI/skyvern,design_smell_density_per_kloc,True,-0.25535653233543837,-0.009575556521900501,
TobikoData/sqlmesh,design_smell_density_per_kloc,True,-0.5190131525593816,-0.019832694159532194,
aipotheosis-labs/aci,design_smell_density_per_kloc,True,-0.2775606713126449,-0.010007331685204828,
airbytehq/airbyte,design_smell_density_per_kloc,True,-0.4254662598405917,-0.01687207844290894,
bentoml/BentoML,design_smell_density_per_kloc,True,-0.759507740059412,-0.025829566125143217,
browser-use/browser-use,design_smell_density_per_kloc,True,-0.4882560835133088,-0.017865041439592885,
bruin-data/ingestr,design_smell_density_per_kloc,True,-0.656722546358379,-0.02355272075739468,
cartography-cncf/cartography,design_smell_density_per_kloc,True,-0.8707988775897972,-0.03160740735057397,
commaai/opendbc,design_smell_density_per_kloc,True,-0.6868610002503275,-0.021776455835558282,
crewAIInc/crewAI,design_smell_density_per_kloc,True,-0.45889796067259014,-0.014044715203736973,
crewAIInc/crewAI-tools,design_smell_density_per_kloc,True,0.30246063982696486,0.01447289505446275,
dagster-io/dagster,design_smell_density_per_kloc,True,-0.7439227185439268,-0.027129059922654845,
dotnet/android,design_smell_density_per_kloc,True,0.7356419824759696,0.026342505635569405,
dotnet/aspire,design_smell_density_per_kloc,True,1.4473491387594697,0.05242389066770333,
dotnet/aspnetcore,design_smell_density_per_kloc,True,0.12036013308580874,0.003844355819310736,
dotnet/docfx,design_smell_density_per_kloc,True,1.376503468706989,0.04701424615901653,
dotnet/dotnet-api-docs,design_smell_density_per_kloc,True,-0.1573116009336247,-0.006245252543840251,
dotnet/maui,design_smell_density_per_kloc,True,0.13461302903621458,0.003577450307718729,
dotnet/msbuild,design_smell_density_per_kloc,True,-0.44205744960456383,-0.015822674508880676,
dotnet/sdk,design_smell_density_per_kloc,True,0.05302987959776086,-0.00018442586633062505,
dropseed/plain,design_smell_density_per_kloc,True,-0.7598381907636327,-0.027823436101603878,
elsa-workflows/elsa-core,design_smell_density_per_kloc,True,1.1604046047083663,0.04007737039136723,
getsentry/sentry,design_smell_density_per_kloc,True,-0.6957668073200062,-0.024684302184469695,
graphistry/pygraphistry,design_smell_density_per_kloc,True,-0.7747713879991677,-0.02892600870317484,
ikamensh/flynt,design_smell_density_per_kloc,True,-0.6323344990267636,-0.024267103815053967,
janbjorge/pgqueuer,design_smell_density_per_kloc,True,-0.6264909666649786,-0.02289666942602856,
keephq/keep,design_smell_density_per_kloc,True,-0.7206968402126075,-0.0263265464129998,
langbot-app/LangBot,design_smell_density_per_kloc,True,-0.5035675985563209,-0.017962717486539718,
langchain-ai/langgraph,design_smell_density_per_kloc,True,-0.6791488467313809,-0.02441284383522681,
microsoft/PowerToys,design_smell_density_per_kloc,True,0.3190101572896227,0.010381529427250194,
microsoft/WinUI-Gallery,design_smell_density_per_kloc,True,0.07344285832802189,0.0029953234477399825,
microsoft/autogen,design_smell_density_per_kloc,True,-0.8218112110689798,-0.030261653905625588,
microsoft/fluentui-blazor,design_smell_density_per_kloc,True,14.610333045302042,0.5555958836858148,
microsoft/magentic-ui,design_smell_density_per_kloc,True,-0.48449562126568807,-0.017192856072265648,
microsoft/perfview,design_smell_density_per_kloc,True,0.5458793709251623,0.019051697868321022,
microsoft/testfx,design_smell_density_per_kloc,True,-0.6675984107918921,-0.025542824508109234,
microsoft/vstest,design_smell_density_per_kloc,True,-0.5864310647969868,-0.021600257477095916,
mlflow/mlflow,design_smell_density_per_kloc,True,-0.8664598908515118,-0.031565524557693216,
netket/netket,design_smell_density_per_kloc,True,-0.8020238443839603,-0.029541051762230527,
nkdAgility/azure-devops-migration-tools,design_smell_density_per_kloc,True,3.9485790636085274,0.13599886265205305,
onnx/onnx,design_smell_density_per_kloc,True,-0.808177571194427,-0.029809249118079004,
onyx-dot-app/onyx,design_smell_density_per_kloc,True,-0.48905170494872063,-0.016790813109619634,
pardeike/Harmony,design_smell_density_per_kloc,True,0.018973256506914348,-0.0003240718313150707,
peass-ng/PEASS-ng,design_smell_density_per_kloc,True,-0.44448080447609495,-0.016344644097978804,
pytorch/pytorch,design_smell_density_per_kloc,True,-0.6186539539603347,-0.022239925541985735,
reflex-dev/reflex,design_smell_density_per_kloc,True,-0.5353019124112012,-0.01925363055836845,
roboflow/inference,design_smell_density_per_kloc,True,-0.7316077002316007,-0.02614871826209034,
spcl/dace,design_smell_density_per_kloc,True,-0.8137446244756725,-0.02971955940418696,
stanfordnlp/dspy,design_smell_density_per_kloc,True,-0.7004680384205336,-0.025776581535685142,
syncfusion/maui-toolkit,design_smell_density_per_kloc,True,-0.016995782287691046,-0.00048799916867022566,
ucbepic/docetl,design_smell_density_per_kloc,True,-0.6245899690423536,-0.02276676757743,
vllm-project/vllm,design_smell_density_per_kloc,True,-0.5994884121742629,-0.022241734399786488,
wandb/weave,design_smell_density_per_kloc,True,-0.8088381993879553,-0.02967705118502244,
wieslawsoltes/Dock,design_smell_density_per_kloc,True,0.35200905929455384,0.015566101305397761,
wieslawsoltes/Svg.Skia,design_smell_density_per_kloc,True,0.29548565949228434,0.009065694258693172,
wizarrrr/wizarr,design_smell_density_per_kloc,True,-0.7566847096643914,-0.02600862269738677,
writer/writer-framework,design_smell_density_per_kloc,True,-0.6258595564800506,-0.023886407935652675,
zenml-io/zenml,design_smell_density_per_kloc,True,-0.5267302374830848,-0.018003004575881113,
3rdIteration/btcrecover,implementation_smell_density_per_kloc,True,-0.48757300538715886,0.007350385326698537,
567-labs/instructor,implementation_smell_density_per_kloc,True,-0.5942592444241401,-0.00376024467352783,
AgentOps-AI/agentops,implementation_smell_density_per_kloc,True,-0.35081775554946215,0.061135020966088305,
Albeoris/Memoria,implementation_smell_density_per_kloc,True,0.7168569657793459,-0.020688372203659253,
Azure/azure-cosmos-dotnet-v3,implementation_smell_density_per_kloc,True,0.6177149781958965,-0.016514074735050163,
Azure/azure-functions-core-tools,implementation_smell_density_per_kloc,True,1.0267112582673243,-0.04023790207651442,
Azure/data-api-builder,implementation_smell_density_per_kloc,True,-0.9591371931222885,0.023994296057215203,
BerriAI/litellm,implementation_smell_density_per_kloc,True,-0.15429196160596786,-0.019402380610164516,
Blaizzy/mlx-vlm,implementation_smell_density_per_kloc,True,-0.8788478770646858,0.11019288847927719,
DaveSkender/Stock.Indicators,implementation_smell_density_per_kloc,True,3.4698821360315844,-0.05824801371290211,
EduardoPires/EquinoxProject,implementation_smell_density_per_kloc,True,-0.04325599587725323,-0.047919200882650434,
Kiln-AI/Kiln,implementation_smell_density_per_kloc,True,-0.7309979003716666,0.044081224096242606,
MervinPraison/PraisonAI,implementation_smell_density_per_kloc,True,-0.36560389725794756,0.02821928517629183,
NethermindEth/nethermind,implementation_smell_density_per_kloc,True,1.534029033595688,-0.0029004381516219303,
NewFuture/DDNS,implementation_smell_density_per_kloc,True,-1.0716013814588943,-0.05116315823554284,
PriorLabs/TabPFN,implementation_smell_density_per_kloc,True,-0.21444705456853774,-0.13237089816977873,
PromtEngineer/localGPT,implementation_smell_density_per_kloc,True,-1.4365389284087227,0.13438528837478755,
Significant-Gravitas/AutoGPT,implementation_smell_density_per_kloc,True,-0.09683013288516246,0.049751851612677915,
Skyvern-AI/skyvern,implementation_smell_density_per_kloc,True,2.556035332751757,-0.20079981778872774,
TobikoData/sqlmesh,implementation_smell_density_per_kloc,True,-0.279729302371614,-0.023622789577842914,
aipotheosis-labs/aci,implementation_smell_density_per_kloc,True,-1.154686945959142,0.07733688926972493,
airbytehq/airbyte,implementation_smell_density_per_kloc,True,-0.19565928657620202,-0.039482205498416995,
bentoml/BentoML,implementation_smell_density_per_kloc,True,-0.41677336983343866,0.04757377473883879,
browser-use/browser-use,implementation_smell_density_per_kloc,True,0.9795585351495216,-0.04790999886449812,
bruin-data/ingestr,implementation_smell_density_per_kloc,True,-0.8138667556670863,-0.005052390164125983,
cartography-cncf/cartography,implementation_smell_density_per_kloc,True,-1.493589087355634,-0.011931158693591693,
commaai/opendbc,implementation_smell_density_per_kloc,True,0.8659150745260856,-0.05480037030624418,
crewAIInc/crewAI,implementation_smell_density_per_kloc,True,-0.3999898212571448,0.030024499896737666,
crewAIInc/crewAI-tools,implementation_smell_density_per_kloc,True,-0.1620635150026282,0.08274022767642923,
dagster-io/dagster,implementation_smell_density_per_kloc,True,-0.9347411095578863,0.01598079913146586,
dotnet/android,implementation_smell_density_per_kloc,True,0.9281687271442126,-0.012763095659693493,
dotnet/aspire,implementation_smell_density_per_kloc,True,0.926756989186278,0.004650242864467504,
dotnet/aspnetcore,implementation_smell_density_per_kloc,True,1.312551622403097,-0.004551711353516565,
dotnet/docfx,implementation_smell_density_per_kloc,True,1.5242561560942978,-0.031816374880302,
dotnet/dotnet-api-docs,implementation_smell_density_per_kloc,True,-0.28874408199631524,-0.01965162364041517,
dotnet/maui,implementation_smell_density_per_kloc,True,1.1364297483119021,0.0062883804969827,
dotnet/msbuild,implementation_smell_density_per_kloc,True,0.05457958886732101,0.016376846029160053,
dotnet/sdk,implementation_smell_density_per_kloc,True,0.2701905811938829,-0.05125474492680403,
dropseed/plain,implementation_smell_density_per_kloc,True,0.8831417540198325,0.03668656050291281,
elsa-workflows/elsa-core,implementation_smell_density_per_kloc,True,0.22063530116091254,-0.04143509145515714,
getsentry/sentry,implementation_smell_density_per_kloc,True,-0.059561623858558316,-0.025441294337426763,
graphistry/pygraphistry,implementation_smell_density_per_kloc,True,0.2650700881954865,-0.04906937404651059,
ikamensh/flynt,implementation_smell_density_per_kloc,True,-1.0476507052072797,-0.01279882033399817,
janbjorge/pgqueuer,implementation_smell_density_per_kloc,True,-1.035348990962016,0.006989254394170901,
keephq/keep,implementation_smell_density_per_kloc,True,-0.043538612236213185,0.03222519666810658,
langbot-app/LangBot,implementation_smell_density_per_kloc,True,2.0481446716899026,-0.14491908360909142,
langchain-ai/langgraph,implementation_smell_density_per_kloc,True,-0.7074783896311979,0.01298699121730563,
mangiucugna/json_repair,implementation_smell_density_per_kloc,True,-1.128026434093376,-0.05358027944383398,
microsoft/PowerToys,implementation_smell_density_per_kloc,True,0.038396100456634163,0.004797888518535673,
microsoft/WinUI-Gallery,implementation_smell_density_per_kloc,True,-0.5437085859672627,0.016069896887664015,
microsoft/autogen,implementation_smell_density_per_kloc,True,-0.09520038547772586,0.06236385199271182,
microsoft/fluentui-blazor,implementation_smell_density_per_kloc,True,-0.8110627345316355,0.0064986402378464135,
microsoft/magentic-ui,implementation_smell_density_per_kloc,True,-0.06471215379609084,-0.012341596179718564,
microsoft/perfview,implementation_smell_density_per_kloc,True,0.7131232462806831,0.004574812470286703,
microsoft/testfx,implementation_smell_density_per_kloc,True,-0.7668956173660427,-0.09929682658743315,
microsoft/vstest,implementation_smell_density_per_kloc,True,-1.0193240969482753,-0.0024618703885627,
mlflow/mlflow,implementation_smell_density_per_kloc,True,-1.0586276712983673,0.01194061141649863,
netket/netket,implementation_smell_density_per_kloc,True,-0.8792028737392449,-0.03628279212107057,
nkdAgility/azure-devops-migration-tools,implementation_smell_density_per_kloc,True,2.0650082436372825,0.05756178658029824,
onnx/onnx,implementation_smell_density_per_kloc,True,-0.8469777182986095,-0.004906269146757387,
onyx-dot-app/onyx,implementation_smell_density_per_kloc,True,-0.27181320485816574,0.00913170039681648,
pardeike/Harmony,implementation_smell_density_per_kloc,True,1.4712403948671902,0.017719608553697672,
peass-ng/PEASS-ng,implementation_smell_density_per_kloc,True,0.8919063384882063,-0.019452376430546856,
pytorch/pytorch,implementation_smell_density_per_kloc,True,0.5885237546929954,0.018629757242930485,
reflex-dev/reflex,implementation_smell_density_per_kloc,True,-0.7607678848920546,0.01215861038005115,
roboflow/inference,implementation_smell_density_per_kloc,True,-0.9217508407734796,-0.013361397999240889,
spcl/dace,implementation_smell_density_per_kloc,True,0.5728037697636819,-0.042313360512843665,
stanfordnlp/dspy,implementation_smell_density_per_kloc,True,0.02779549427651261,-0.11701578978462365,
syncfusion/maui-toolkit,implementation_smell_density_per_kloc,True,0.9576567469286766,0.07752857127999845,
ucbepic/docetl,implementation_smell_density_per_kloc,True,-1.0171202158838335,-0.0042460142447596294,
vllm-project/vllm,implementation_smell_density_per_kloc,True,-0.3015747441622263,-0.012714159799716058,
wandb/weave,implementation_smell_density_per_kloc,True,-0.5724436983400483,0.04022581983350997,
wieslawsoltes/Dock,implementation_smell_density_per_kloc,True,0.20809154001598842,0.0644260563946518,
wieslawsoltes/Svg.Skia,implementation_smell_density_per_kloc,True,1.4043862133022111,-0.020508380775017473,
wizarrrr/wizarr,implementation_smell_density_per_kloc,True,-1.3807696157229925,0.275125128110632,
writer/writer-framework,implementation_smell_density_per_kloc,True,-1.02593533329668,0.09005696318776626,
zenml-io/zenml,implementation_smell_density_per_kloc,True,-0.39202265037068285,0.011206135542352558,
3rdIteration/btcrecover,cyclomatic_complexity_p90,True,1.1646488775937847,-0.008601422705442993,0.21509155789671786
567-labs/instructor,cyclomatic_complexity_p90,True,-1.1734604274013096,0.06829850028522369,-0.042933514117403336
AgentOps-AI/agentops,cyclomatic_complexity_p90,True,-1.934899657424308,0.12269989381310484,2.377189574158371
Albeoris/Memoria,cyclomatic_complexity_p90,True,2.775345023683953,-0.013339663873654525,0.6315463567138794
Azure/azure-functions-core-tools,cyclomatic_complexity_p90,True,0.11509361082758617,-0.012998840690568518,-0.6566126115978198
Azure/data-api-builder,cyclomatic_complexity_p90,True,-0.8410109470772035,0.011558264120628083,0.16191456497767706
BerriAI/litellm,cyclomatic_complexity_p90,True,4.00668341011216,-0.07011247469945946,-1.9199140211351955
Blaizzy/mlx-vlm,cyclomatic_complexity_p90,True,-0.15590049656142202,0.05023040121675472,-0.18266642362456353
DaveSkender/Stock.Indicators,cyclomatic_complexity_p90,True,-2.078701268723427,0.00982026556229442,-0.5675273436209676
Kiln-AI/Kiln,cyclomatic_complexity_p90,True,-1.5911825273669449,-0.03870031374271918,-0.2693465445128326
MervinPraison/PraisonAI,cyclomatic_complexity_p90,True,1.345583979464865,-0.09234867524255343,0.9620133354524585
NewFuture/DDNS,cyclomatic_complexity_p90,True,3.733142700467216,-0.22949539376296368,-3.8106454526947497
PriorLabs/TabPFN,cyclomatic_complexity_p90,True,1.0887290478823755,-0.10779874632329077,0.06238097361618435
PromtEngineer/localGPT,cyclomatic_complexity_p90,True,1.5667286669877665,0.022350803772424495,1.7665437364460828
Significant-Gravitas/AutoGPT,cyclomatic_complexity_p90,True,0.08151190628072381,0.007042942294082627,0.3674722764784224
Skyvern-AI/skyvern,cyclomatic_complexity_p90,True,1.3493996746680124,0.014395884412754462,0.4526548055778026
TobikoData/sqlmesh,cyclomatic_complexity_p90,True,-0.427926758224308,0.0025634406766663373,-0.11223939508138328
aipotheosis-labs/aci,cyclomatic_complexity_p90,True,-0.6967176756002631,-0.0050092173553833155,-0.6251470085470879
airbytehq/airbyte,cyclomatic_complexity_p90,True,-1.9221346186140555,0.008016055466855125,0.24877336660760244
alexanderjeurissen/ranger_devicons,cyclomatic_complexity_p90,True,-3.340420179268289,0.0057515314271132205,-1.1459032297266654
bentoml/BentoML,cyclomatic_complexity_p90,True,-0.37190262543093516,0.012090378808210536,0.6866235290956324
browser-use/browser-use,cyclomatic_complexity_p90,True,0.8627204908183782,0.09912572170809662,2.5947804812484576
bruin-data/ingestr,cyclomatic_complexity_p90,True,0.5841822091241574,0.01366286580190997,0.8942257932576532
commaai/opendbc,cyclomatic_complexity_p90,True,0.9066338276658463,0.0010759804829071054,0.4515842738291855
crewAIInc/crewAI,cyclomatic_complexity_p90,True,-1.3969148621831684,0.017160929828660226,0.8485420267620456
crewAIInc/crewAI-tools,cyclomatic_complexity_p90,True,-1.6767063568903227,0.06508123369910034,1.6164523643114757
dotnet/android,cyclomatic_complexity_p90,True,0.6439608722069489,0.04383937527675494,-0.7785880362990649
dotnet/docfx,cyclomatic_complexity_p90,True,-0.2213511730422807,-0.0043712440740984486,-0.3678058120655694
dotnet/msbuild,cyclomatic_complexity_p90,True,-0.7829253024626707,-0.007102032461942851,-0.7790923038612941
dotnet/sdk,cyclomatic_complexity_p90,True,-0.8946042953612622,-0.03373240420384779,-0.16478133182022536
dropseed/plain,cyclomatic_complexity_p90,True,-0.32057370884090636,0.015293630881768725,0.6092929875692106
elsa-workflows/elsa-core,cyclomatic_complexity_p90,True,-3.2352138518317126,0.05298196315588639,0.2631333341190865
graphistry/pygraphistry,cyclomatic_complexity_p90,True,0.859151997913366,-0.07861251518376172,-0.6256197711040743
ikamensh/flynt,cyclomatic_complexity_p90,True,-1.609334335207445,0.03371210148854749,-0.2702700143888901
janbjorge/pgqueuer,cyclomatic_complexity_p90,True,-2.0724834503139395,0.013762082932457991,-0.38346363751610535
keephq/keep,cyclomatic_complexity_p90,True,0.15281174290415228,0.024235162803722975,1.1760611439571393
langbot-app/LangBot,cyclomatic_complexity_p90,True,0.9171860975319343,0.06981076996038127,-0.6737886949139507
langchain-ai/langgraph,cyclomatic_complexity_p90,True,0.4670922344210448,0.016341143641600924,0.9503085121759934
mangiucugna/json_repair,cyclomatic_complexity_p90,True,5.902393161471929,-0.22493903569985207,0.019872280020264328
microsoft/PowerToys,cyclomatic_complexity_p90,True,-0.3883907659089127,-2.9738045918432795e-05,-0.22729366402475526
microsoft/WinUI-Gallery,cyclomatic_complexity_p90,True,-2.1285405950576215,0.03386191654064,0.366003910250337
microsoft/autogen,cyclomatic_complexity_p90,True,2.083842095833436,-0.06369694949805066,-2.334940092567037
microsoft/fluentui-blazor,cyclomatic_complexity_p90,True,-2.5462566188346596,-0.015147776637081866,-1.9324680769734193
microsoft/magentic-ui,cyclomatic_complexity_p90,True,1.9209536140270216,-0.14299288020394613,-0.39532676142355616
microsoft/perfview,cyclomatic_complexity_p90,True,0.0981712308943587,-0.012606107687065073,-0.6398557682858255
microsoft/testfx,cyclomatic_complexity_p90,True,-3.290629454331233,0.005816583938413522,-1.3095324143862428
mrwadams/stride-gpt,cyclomatic_complexity_p90,True,-2.8597545150435746,0.2894561105917519,6.658489351281536
netket/netket,cyclomatic_complexity_p90,True,-1.2470327615846784,0.06851519802627414,-0.05759962136186412
nkdAgility/azure-devops-migration-tools,cyclomatic_complexity_p90,True,-0.4077261054624243,0.017594162760587156,0.6829234775872568
onnx/onnx,cyclomatic_complexity_p90,True,-1.4832031249148836,0.012211509374542712,-0.18755780423290355
onyx-dot-app/onyx,cyclomatic_complexity_p90,True,0.7546702538550638,0.006393248760902887,0.7198437722288922
peass-ng/PEASS-ng,cyclomatic_complexity_p90,True,1.1936628796055373,0.013084077818377091,-0.6365295537569418
reflex-dev/reflex,cyclomatic_complexity_p90,True,-0.6535559199916838,0.007516259907915463,0.08416634738781502
roboflow/inference,cyclomatic_complexity_p90,True,-1.1878207994726717,0.005907146544670061,-0.2954627561132781
stanfordnlp/dspy,cyclomatic_complexity_p90,True,0.24470236613547441,-0.011713548470203025,-0.397073775227304
ucbepic/docetl,cyclomatic_complexity_p90,True,3.870309268459325,-0.04164986435165552,-0.06162830178890943
vllm-project/vllm,cyclomatic_complexity_p90,True,-0.19014650786044013,0.05633036748730143,0.10710654228795644
wandb/weave,cyclomatic_complexity_p90,True,-0.6394329668274952,0.006767428681067597,0.009931366797401303
wieslawsoltes/Dock,cyclomatic_complexity_p90,True,-0.20688558272222649,-0.04055956005997078,-1.5417988452907616
wieslawsoltes/Svg.Skia,cyclomatic_complexity_p90,True,2.920347349727304,-0.06302015208221218,-1.270557740301009
wizarrrr/wizarr,cyclomatic_complexity_p90,True,5.2079577641037,-0.06032819222855909,-2.622218393644032
writer/writer-framework,cyclomatic_complexity_p90,True,-1.8012534644917237,0.042141324486294165,0.9385524372200769
zenml-io/zenml,cyclomatic_complexity_p90,True,-1.0426226543241526,0.012410090847321375,0.3627142366919541
