repo_id,full_name,language,track,target_date,commit_sha,commit_date,staleness_days,is_stale,no_prior_commit
710601088.0,crewAIInc/crewAI,Python,A1,2022-01-01T00:00:00+00:00,,,,False,True
710601088.0,crewAIInc/crewAI,Python,A1,2022-02-01T00:00:00+00:00,,,,False,True
710601088.0,crewAIInc/crewAI,Python,A1,2022-03-01T00:00:00+00:00,,,,False,True
710601088.0,crewAIInc/crewAI,Python,A1,2022-04-01T00:00:00+00:00,,,,False,True
710601088.0,crewAIInc/crewAI,Python,A1,2022-05-01T00:00:00+00:00,,,,False,True
710601088.0,crewAIInc/crewAI,Python,A1,2022-06-01T00:00:00+00:00,,,,False,True
710601088.0,crewAIInc/crewAI,Python,A1,2022-07-01T00:00:00+00:00,,,,False,True
710601088.0,crewAIInc/crewAI,Python,A1,2022-08-01T00:00:00+00:00,,,,False,True
710601088.0,crewAIInc/crewAI,Python,A1,2022-09-01T00:00:00+00:00,,,,False,True
710601088.0,crewAIInc/crewAI,Python,A1,2022-10-01T00:00:00+00:00,,,,False,True
710601088.0,crewAIInc/crewAI,Python,A1,2022-11-01T00:00:00+00:00,,,,False,True
710601088.0,crewAIInc/crewAI,Python,A1,2022-12-01T00:00:00+00:00,,,,False,True
710601088.0,crewAIInc/crewAI,Python,A1,2023-01-01T00:00:00+00:00,,,,False,True
710601088.0,crewAIInc/crewAI,Python,A1,2023-02-01T00:00:00+00:00,,,,False,True
710601088.0,crewAIInc/crewAI,Python,A1,2023-03-01T00:00:00+00:00,,,,False,True
710601088.0,crewAIInc/crewAI,Python,A1,2023-04-01T00:00:00+00:00,,,,False,True
710601088.0,crewAIInc/crewAI,Python,A1,2023-05-01T00:00:00+00:00,,,,False,True
710601088.0,crewAIInc/crewAI,Python,A1,2023-06-01T00:00:00+00:00,,,,False,True
710601088.0,crewAIInc/crewAI,Python,A1,2023-07-01T00:00:00+00:00,,,,False,True
710601088.0,crewAIInc/crewAI,Python,A1,2023-08-01T00:00:00+00:00,,,,False,True
710601088.0,crewAIInc/crewAI,Python,A1,2023-09-01T00:00:00+00:00,,,,False,True
710601088.0,crewAIInc/crewAI,Python,A1,2023-10-01T00:00:00+00:00,,,,False,True
710601088.0,crewAIInc/crewAI,Python,A1,2023-11-01T00:00:00+00:00,308349442ca728684012f569e61c0c8a197e06ce,2023-10-29T19:51:59-03:00,2.0,False,False
710601088.0,crewAIInc/crewAI,Python,A1,2023-12-01T00:00:00+00:00,da00aa26684c40b74556d9e7e12973f70fe5294d,2023-11-24T17:09:43-03:00,6.0,False,False
710601088.0,crewAIInc/crewAI,Python,A1,2024-01-01T00:00:00+00:00,fddeb0e6723ca72bead7b45cbc8eaa93fd387fc4,2023-12-31T17:41:50-03:00,0.0,False,False
710601088.0,crewAIInc/crewAI,Python,A1,2024-02-01T00:00:00+00:00,8fc0f33dd5c13872a9b051fd3b5df2b8b46ca1c8,2024-01-30T22:46:20-03:00,0.0,False,False
710601088.0,crewAIInc/crewAI,Python,A1,2024-03-01T00:00:00+00:00,78bf008c366aa95487819761e4b001c117cb0a25,2024-02-28T12:04:13-03:00,1.0,False,False
710601088.0,crewAIInc/crewAI,Python,A1,2024-04-01T00:00:00+00:00,98ee60e06f1d558d2a1f6c9a95c80fed21fe832f,2024-03-31T20:40:51-03:00,0.0,False,False
710601088.0,crewAIInc/crewAI,Python,A1,2024-05-01T00:00:00+00:00,3d5257592b440fca8c46b77471e1c34c901ee57f,2024-04-20T12:20:13-03:00,10.0,False,False
710601088.0,crewAIInc/crewAI,Python,A1,2024-06-01T00:00:00+00:00,ea893432e89095b50b3b49c622b32e4772c90df4,2024-05-29T02:14:29-03:00,2.0,False,False
710601088.0,crewAIInc/crewAI,Python,A1,2024-07-01T00:00:00+00:00,5b66e876210b95d5902b9044f6cb87ab7dd1d1c6,2024-06-28T20:05:47-03:00,2.0,False,False
710601088.0,crewAIInc/crewAI,Python,A1,2024-08-01T00:00:00+00:00,c93b85ac531ebfdb0718ef11110ef79aa5a38fc3,2024-07-30T19:21:18-04:00,1.0,False,False
710601088.0,crewAIInc/crewAI,Python,A1,2024-09-01T00:00:00+00:00,c7e8d559267e55724fcd3979fc5f15bc81802fb6,2024-09-01T00:43:40+08:00,0.0,False,False
710601088.0,crewAIInc/crewAI,Python,A1,2024-10-01T00:00:00+00:00,32fdd11c933ad83d744edc2beb44c24585b941a1,2024-09-30T20:52:56-03:00,0.0,False,False
710601088.0,crewAIInc/crewAI,Python,A1,2024-11-01T00:00:00+00:00,66698503b878459ed5d7d208c7ec37e995a54f28,2024-10-31T15:00:58-03:00,0.0,False,False
710601088.0,crewAIInc/crewAI,Python,A1,2024-12-01T00:00:00+00:00,bca56eea48cd2f5d8f4280fe4906bed94809859d,2024-11-30T11:26:10-05:00,0.0,False,False
710601088.0,crewAIInc/crewAI,Python,A1,2025-01-01T00:00:00+00:00,ba89e43b62981a3f722b09563105fa078ea8326a,2024-12-31T18:40:51-03:00,0.0,False,False
710601088.0,crewAIInc/crewAI,Python,A1,2025-02-01T00:00:00+00:00,23b9e1032308d81aa16072932ea7884d44bc4da1,2025-01-31T12:53:58-05:00,0.0,False,False
710601088.0,crewAIInc/crewAI,Python,A1,2025-03-01T00:00:00+00:00,86825e176900cbc68e00060adc525f0b8d5920e5,2025-02-27T13:54:44-05:00,1.0,False,False
710601088.0,crewAIInc/crewAI,Python,A1,2025-04-01T00:00:00+00:00,3c2435030606da5c1c199bfa19d158ab669ffb2d,2025-03-31T08:27:36-07:00,0.0,False,False
710601088.0,crewAIInc/crewAI,Python,A1,2025-05-01T00:00:00+00:00,378dcc79bb341614290f9df4d4a2aa3632f7995a,2025-04-30T14:57:54-04:00,0.0,False,False
710601088.0,crewAIInc/crewAI,Python,A1,2025-06-01T00:00:00+00:00,1da2fd2a5c773456eb3fe346d5951b10e2aa6791,2025-05-30T17:38:36-04:00,1.0,False,False
710601088.0,crewAIInc/crewAI,Python,A1,2025-07-01T00:00:00+00:00,af9c01f5d3385ff3dfec5463c2a4bca9bec20f44,2025-06-30T17:48:45-04:00,0.0,False,False
710601088.0,crewAIInc/crewAI,Python,A1,2025-08-01T00:00:00+00:00,88ed91561ff0602309a5f875f0ee59069491fb5d,2025-07-31T10:38:51-04:00,0.0,False,False
710601088.0,crewAIInc/crewAI,Python,A1,2025-09-01T00:00:00+00:00,1b1a8fdbf425b5a7bc820d91629c8cca786b3f39,2025-08-31T18:57:45-04:00,0.0,False,False
710601088.0,crewAIInc/crewAI,Python,A1,2025-10-01T00:00:00+00:00,b77074e48e09caefa982a0ff39d5ef13411dfe8e,2025-09-29T23:51:39-04:00,0.0,False,False
710601088.0,crewAIInc/crewAI,Python,A1,2025-11-01T00:00:00+00:00,2e9eb8c32dc7c0616bda60ce4185b0220afbdd60,2025-10-29T19:14:01+01:00,2.0,False,False
710601088.0,crewAIInc/crewAI,Python,A1,2025-12-01T00:00:00+00:00,2355ec0733101f4ce4228a26c5820d7ebe2cd3a9,2025-11-30T17:44:40-05:00,0.0,False,False
710601088.0,crewAIInc/crewAI,Python,A1,2026-01-01T00:00:00+00:00,f3c17a249b5a2da3a917784d9762421591c1cde5,2025-12-31T14:29:42-08:00,0.0,False,False
710601088.0,crewAIInc/crewAI,Python,A1,2026-02-01T00:00:00+00:00,63a508f601e5934f7993b0083e59fe90da56bb4f,2026-01-30T14:24:25-08:00,1.0,False,False
710601088.0,crewAIInc/crewAI,Python,A1,2026-03-01T00:00:00+00:00,c00a348837aab2b96c27080e2c9d682b66c88d90,2026-02-28T17:16:45-05:00,0.0,False,False
710601088.0,crewAIInc/crewAI,Python,A2,2023-12-27T20:52:41+00:00,6adfa6fe0700e5ff81b3efac2f31fab3cda7f51c,2023-12-27T17:34:56-03:00,0.0,False,False
710601088.0,crewAIInc/crewAI,Python,A2,2024-01-27T20:52:41+00:00,9e1be4ecd26d018a9dd4b0ae1399d6397257ffa0,2024-01-22T11:05:01-03:00,5.0,False,False
710601088.0,crewAIInc/crewAI,Python,A2,2024-02-27T20:52:41+00:00,cd9f7931c96b32d4f79a7ff9bb8395467927b4d7,2024-02-27T14:23:19-03:00,0.0,False,False
710601088.0,crewAIInc/crewAI,Python,A2,2024-03-27T20:52:41+00:00,128ce919514bcac76062f36fe14b49eb283eb7dc,2024-03-22T03:08:54-03:00,5.0,False,False
710601088.0,crewAIInc/crewAI,Python,A2,2024-04-27T20:52:41+00:00,3d5257592b440fca8c46b77471e1c34c901ee57f,2024-04-20T12:20:13-03:00,7.0,False,False
710601088.0,crewAIInc/crewAI,Python,A2,2024-05-27T20:52:41+00:00,bf40956491e9c9026bf0f7e1211823bec9da5625,2024-05-26T01:32:16-03:00,1.0,False,False
710601088.0,crewAIInc/crewAI,Python,A2,2024-06-27T20:52:41+00:00,851dd0f84fe54755f8713908ea180c995b3dbade,2024-06-27T11:04:08-07:00,0.0,False,False
710601088.0,crewAIInc/crewAI,Python,A2,2024-07-27T20:52:41+00:00,99d023c5f33636be1ff9eb473aa761eb8a4a36c9,2024-07-26T14:40:47-07:00,0.0,False,False
710601088.0,crewAIInc/crewAI,Python,A2,2024-08-27T20:52:41+00:00,172758020cfdd4625585213113a0a513760cc0bf,2024-08-24T15:45:59-03:00,3.0,False,False
710601088.0,crewAIInc/crewAI,Python,A2,2024-09-27T20:52:41+00:00,bc31019b673704a355a3292c6127120c0a5ce95e,2024-09-27T12:11:17-03:00,0.0,False,False
710601088.0,crewAIInc/crewAI,Python,A2,2024-10-04T20:52:41+00:00,0dfe3bcb0aa605bee4192a3d3f9ea5f289cf40c4,2024-10-04T13:23:42-03:00,0.0,False,False
710601088.0,crewAIInc/crewAI,Python,A2,2024-10-11T20:52:41+00:00,6534a909d67e5d8c9da169f244db514d20013b97,2024-10-11T09:45:53-04:00,0.0,False,False
710601088.0,crewAIInc/crewAI,Python,A2,2024-10-18T20:52:41+00:00,84f48c465d602a2b121a82d464fe701f84160e9f,2024-10-18T15:56:56-03:00,0.0,False,False
710601088.0,crewAIInc/crewAI,Python,A2,2024-10-25T20:52:41+00:00,f29f4abdd7ea4d3b4afeb8e1b403360ad7309ace,2024-10-25T11:20:41-03:00,0.0,False,False
710601088.0,crewAIInc/crewAI,Python,A2,2024-11-01T20:52:41+00:00,3878daffd68d14ee0379d11c19bef63c4dc02edc,2024-11-01T16:42:46-04:00,0.0,False,False
710601088.0,crewAIInc/crewAI,Python,A2,2024-11-08T20:52:41+00:00,9f2acfe91f3dafab2aef1c465810b7ef8780eee7,2024-11-06T23:07:23-03:00,1.0,False,False
710601088.0,crewAIInc/crewAI,Python,A2,2024-11-15T20:52:41+00:00,3dc02310b62c473c0764f10f08aef678291e9aaf,2024-11-14T14:13:12-08:00,0.0,False,False
710601088.0,crewAIInc/crewAI,Python,A2,2024-11-22T20:52:41+00:00,93c0467bba29ac301923afe2f028e4831971563b,2024-11-21T15:50:46-03:00,1.0,False,False
710601088.0,crewAIInc/crewAI,Python,A2,2024-11-29T20:52:41+00:00,588ad3c4a437096d42b390679064da21af4c8b85,2024-11-28T17:20:53+01:00,1.0,False,False
710601088.0,crewAIInc/crewAI,Python,A2,2024-12-06T20:52:41+00:00,6930b6848460dc7d9b1ca7d5629286fc559123cd,2024-12-06T13:57:28-05:00,0.0,False,False
710601088.0,crewAIInc/crewAI,Python,A2,2024-12-13T20:52:41+00:00,6d7c1b0743a6df5cf8dd0709b0d12de8441339b8,2024-12-12T15:13:10-05:00,1.0,False,False
710601088.0,crewAIInc/crewAI,Python,A2,2024-12-20T20:52:41+00:00,9ee6824ccd85e6c6231f35db07bb6fe6f90959c7,2024-12-20T10:17:34-05:00,0.0,False,False
710601088.0,crewAIInc/crewAI,Python,A2,2024-12-27T20:52:41+00:00,4cf8913d31e061e7bdfea7831773a3e63a04ef44,2024-12-27T17:45:06-03:00,0.0,False,False
710601088.0,crewAIInc/crewAI,Python,A2,2025-01-03T20:52:41+00:00,30bd79390a380066ad977b133ed022285c3b7ee4,2025-01-03T13:12:13-05:00,0.0,False,False
710601088.0,crewAIInc/crewAI,Python,A2,2025-01-10T20:52:41+00:00,be8e33daf61052b37a0c047ca5407a69a84767a1,2025-01-10T14:56:20-05:00,0.0,False,False
710601088.0,crewAIInc/crewAI,Python,A2,2025-01-17T20:52:41+00:00,30d027158a04e633b42b21f246478a9af61a9ce1,2025-01-16T15:54:16-05:00,0.0,False,False
710601088.0,crewAIInc/crewAI,Python,A2,2025-01-24T20:52:41+00:00,8c76bad50f5bb72b061500910dfb14c4defe7185,2025-01-23T23:32:10-05:00,0.0,False,False
710601088.0,crewAIInc/crewAI,Python,A2,2025-01-31T20:52:41+00:00,23b9e1032308d81aa16072932ea7884d44bc4da1,2025-01-31T12:53:58-05:00,0.0,False,False
710601088.0,crewAIInc/crewAI,Python,A2,2025-02-07T20:52:41+00:00,a7f5d574dc6e521dec51453d9d842cf1cee908c9,2025-02-07T14:45:36-05:00,0.0,False,False
710601088.0,crewAIInc/crewAI,Python,A2,2025-02-14T20:52:41+00:00,1b488b6da77dc0dc1d96d45e9ef6213b3f8eceeb,2025-02-13T10:19:52-03:00,1.0,False,False
710601088.0,crewAIInc/crewAI,Python,A2,2025-02-21T20:52:41+00:00,b50772a38b8f352888dfdfdac7eba58999bdfcf5,2025-02-21T10:11:55-05:00,0.0,False,False
710601088.0,crewAIInc/crewAI,Python,A2,2025-02-28T20:52:41+00:00,86825e176900cbc68e00060adc525f0b8d5920e5,2025-02-27T13:54:44-05:00,1.0,False,False
710601088.0,crewAIInc/crewAI,Python,A2,2025-03-07T20:52:41+00:00,a1f35e768fdf762f7547ff7cae1bf2bb8a6c9447,2025-03-07T12:54:32-05:00,0.0,False,False
710601088.0,crewAIInc/crewAI,Python,A2,2025-03-14T20:52:41+00:00,d0959573dcfac3e1b418255b6f4dc52e137efd3e,2025-03-14T03:08:55-03:00,0.0,False,False
710601088.0,crewAIInc/crewAI,Python,A2,2025-03-21T20:52:41+00:00,bb3829a9ed4886da7a284bc89fc8bd7eda168ce2,2025-03-21T15:12:26-04:00,0.0,False,False
710601088.0,crewAIInc/crewAI,Python,A2,2025-03-28T20:52:41+00:00,356d4d97291db57b003d390124fab74a379e3ef5,2025-03-28T17:17:52-03:00,0.0,False,False
710601088.0,crewAIInc/crewAI,Python,A2,2025-04-27T20:52:41+00:00,51eb5e99982c220fa8df80e41d18d6c98b1a1ad4,2025-04-25T13:59:44-07:00,1.0,False,False
710601088.0,crewAIInc/crewAI,Python,A2,2025-05-27T20:52:41+00:00,bcc694348ebc19c7637730de91733e7fadde5c42,2025-05-27T10:46:20-07:00,0.0,False,False
710601088.0,crewAIInc/crewAI,Python,A2,2025-06-27T20:52:41+00:00,576b8ff836b0a479bf9c9e6453d046a29f7ed4bf,2025-06-27T09:54:12-04:00,0.0,False,False
710601088.0,crewAIInc/crewAI,Python,A2,2025-07-27T20:52:41+00:00,fab86d197a328bfa7ad8d0aca51ae7ac6b8d9c60,2025-07-25T10:55:31-04:00,2.0,False,False
710601088.0,crewAIInc/crewAI,Python,A2,2025-08-27T20:52:41+00:00,109de91d0891a6916d6ae9d85caa9348843678de,2025-08-27T10:47:20-04:00,0.0,False,False
710601088.0,crewAIInc/crewAI,Python,A2,2025-09-27T20:52:41+00:00,7d5cd4d3e25fc1374b05c06e6ec44a996f36ff3e,2025-09-26T09:58:00-07:00,1.0,False,False
710601088.0,crewAIInc/crewAI,Python,A2,2025-10-27T20:52:41+00:00,410db1ff39671f1671ebd8e986739aa9de3b666e,2025-10-27T13:29:21-04:00,0.0,False,False
710601088.0,crewAIInc/crewAI,Python,A2,2025-11-27T20:52:41+00:00,2025a26fc3f169eab9c68a8401716f6e11b40010,2025-11-26T22:32:43-08:00,0.0,False,False
710601088.0,crewAIInc/crewAI,Python,A2,2025-12-27T20:52:41+00:00,c73b36a4c53f9c11cdae358a8c78c70c7791ac69,2025-12-25T21:04:10-03:00,1.0,False,False
283046497.0,airbytehq/airbyte,Python,A1,2022-01-01T00:00:00+00:00,99a2ae60805ef824c7a9c184cc96b6bda600d988,2021-12-31T17:45:20+02:00,0.0,False,False
283046497.0,airbytehq/airbyte,Python,A1,2022-02-01T00:00:00+00:00,1bc544a9fb76ca6b86805320181b0743de1a5b6e,2022-01-31T15:17:49-08:00,0.0,False,False
283046497.0,airbytehq/airbyte,Python,A1,2022-03-01T00:00:00+00:00,a46b8853569af060bafabe680e2816844e754eff,2022-02-28T15:14:18-08:00,0.0,False,False
283046497.0,airbytehq/airbyte,Python,A1,2022-04-01T00:00:00+00:00,f6428642209698368248e97d30d5602b9f7e8e7f,2022-03-31T23:04:54+02:00,0.0,False,False
283046497.0,airbytehq/airbyte,Python,A1,2022-05-01T00:00:00+00:00,18f59bfc9a7cf8364f12c0eb2e74c3346307b078,2022-04-29T23:45:42-07:00,0.0,False,False
283046497.0,airbytehq/airbyte,Python,A1,2022-06-01T00:00:00+00:00,5f0f106cb640d49ad1b3e0f37aeb99f98d72dbfb,2022-05-31T16:58:09-07:00,0.0,False,False
283046497.0,airbytehq/airbyte,Python,A1,2022-07-01T00:00:00+00:00,2a93dc1ec4c1a274e87941204bfa5995717329e9,2022-06-30T18:48:50-04:00,0.0,False,False
283046497.0,airbytehq/airbyte,Python,A1,2022-08-01T00:00:00+00:00,67333aa3bca19cb0b3f4ab82dd4663c985c63630,2022-07-30T00:51:50+03:00,2.0,False,False
283046497.0,airbytehq/airbyte,Python,A1,2022-09-01T00:00:00+00:00,827e7a55ac21afd029cecbb8f7f2a08dba70d516,2022-08-31T16:01:24-07:00,0.0,False,False
283046497.0,airbytehq/airbyte,Python,A1,2022-10-01T00:00:00+00:00,aaa94f1cbc07bdd8fc8908e9dd1a1bca2038ba36,2022-10-01T01:07:33+02:00,0.0,False,False
283046497.0,airbytehq/airbyte,Python,A1,2022-11-01T00:00:00+00:00,cb785bc18b8729af0f3c9992e9357d7c375eabfe,2022-10-31T16:58:40-05:00,0.0,False,False
283046497.0,airbytehq/airbyte,Python,A1,2022-12-01T00:00:00+00:00,39ac1ca1a7a62e19f75fee06843472be7a76df64,2022-11-30T14:13:07-08:00,0.0,False,False
283046497.0,airbytehq/airbyte,Python,A1,2023-01-01T00:00:00+00:00,d95c06d3574c05dbcd14cf5e1abf8a50aa59e350,2022-12-30T14:39:51-08:00,1.0,False,False
283046497.0,airbytehq/airbyte,Python,A1,2023-02-01T00:00:00+00:00,1fe316899c036acf4601b9fc34410ba37d5e75b9,2023-01-31T22:37:41+00:00,0.0,False,False
283046497.0,airbytehq/airbyte,Python,A1,2023-03-01T00:00:00+00:00,327ceaa1f3d9adc8e1cbdcfb1746479f5649648a,2023-03-01T03:53:56+04:00,0.0,False,False
283046497.0,airbytehq/airbyte,Python,A1,2023-04-01T00:00:00+00:00,5f646934155b5d763b6bc1980c05c8c720d12f73,2023-03-31T17:34:17-05:00,0.0,False,False
283046497.0,airbytehq/airbyte,Python,A1,2023-05-01T00:00:00+00:00,c33d6a8f38767f49b0dd7c6c8037e05cf442e49b,2023-04-30T12:18:37+03:00,0.0,False,False
283046497.0,airbytehq/airbyte,Python,A1,2023-06-01T00:00:00+00:00,4ac62f3b4f90fb856a9d1f23293eb334a2dba044,2023-05-31T23:01:36+00:00,0.0,False,False
283046497.0,airbytehq/airbyte,Python,A1,2023-07-01T00:00:00+00:00,bef36fe2cd551270374a84d93d23851d681b881e,2023-06-30T17:08:09-05:00,0.0,False,False
283046497.0,airbytehq/airbyte,Python,A1,2023-08-01T00:00:00+00:00,22ff7e0fae9c15072144cf700673bf9a85a9e5b1,2023-07-31T17:55:29-04:00,0.0,False,False
283046497.0,airbytehq/airbyte,Python,A1,2023-09-01T00:00:00+00:00,ea47c52b7b93ba9a4fc4f893edba58097a5b4be7,2023-08-31T23:58:58+00:00,0.0,False,False
283046497.0,airbytehq/airbyte,Python,A1,2023-10-01T00:00:00+00:00,ded1d603e7b62090fd0100f10dde9b1a54b0e7f2,2023-09-30T00:11:44+00:00,0.0,False,False
283046497.0,airbytehq/airbyte,Python,A1,2023-11-01T00:00:00+00:00,34b09e0490d20aec5c713c1294112a208a799011,2023-10-31T18:07:23-05:00,0.0,False,False
283046497.0,airbytehq/airbyte,Python,A1,2023-12-01T00:00:00+00:00,97e6d0384a9387774761df378212a39637bb86d5,2023-11-30T15:43:37-08:00,0.0,False,False
283046497.0,airbytehq/airbyte,Python,A1,2024-01-01T00:00:00+00:00,6f824717da81048d4754a3153322d15625c16771,2023-12-27T17:44:43+00:00,4.0,False,False
283046497.0,airbytehq/airbyte,Python,A1,2024-02-01T00:00:00+00:00,f95e0c8d67d35858cf53fc70df8bd323c5d98d61,2024-01-31T12:01:49-08:00,0.0,False,False
283046497.0,airbytehq/airbyte,Python,A1,2024-03-01T00:00:00+00:00,61e0b3fbf234af3154299960d53a2e6b934acfff,2024-02-29T13:30:31-08:00,0.0,False,False
283046497.0,airbytehq/airbyte,Python,A1,2024-04-01T00:00:00+00:00,1ab6cfed9b58f2bb1b1a2e3e9d15592251cabaa6,2024-03-30T05:30:49-07:00,1.0,False,False
283046497.0,airbytehq/airbyte,Python,A1,2024-05-01T00:00:00+00:00,6f69a0010413fb7f58ce0dbea52b5988f1d8155b,2024-04-30T17:58:24-06:00,0.0,False,False
283046497.0,airbytehq/airbyte,Python,A1,2024-06-01T00:00:00+00:00,ca6ece63c6ab127bc0aff3e5a3879f58662b7d35,2024-06-01T00:59:38+02:00,0.0,False,False
283046497.0,airbytehq/airbyte,Python,A1,2024-07-01T00:00:00+00:00,58f67cb2a5f6e5990bc65261b74fae32da02aef0,2024-06-30T18:48:53-05:00,0.0,False,False
283046497.0,airbytehq/airbyte,Python,A1,2024-08-01T00:00:00+00:00,269f22e245fc60c872ec96c6eba20cb7bf72b4d4,2024-07-31T16:23:41-07:00,0.0,False,False
283046497.0,airbytehq/airbyte,Python,A1,2024-09-01T00:00:00+00:00,44a96f879a35b18ac8f85004142f9b0d616065bd,2024-08-30T16:04:01-07:00,1.0,False,False
283046497.0,airbytehq/airbyte,Python,A1,2024-10-01T00:00:00+00:00,4b3533ad675820cdf13a8cd06c72fd1e23a14b90,2024-10-01T02:17:20+03:00,0.0,False,False
283046497.0,airbytehq/airbyte,Python,A1,2024-11-01T00:00:00+00:00,1888fa7e41ee8262b69e0011c927ee42ca1da7f2,2024-10-31T16:40:39-07:00,0.0,False,False
283046497.0,airbytehq/airbyte,Python,A1,2024-12-01T00:00:00+00:00,77e7c0d1acf5f21ba4007dea06da765784121acc,2024-11-29T11:19:59+01:00,1.0,False,False
283046497.0,airbytehq/airbyte,Python,A1,2025-01-01T00:00:00+00:00,fefbb72efa10c695c80ed04cbb564ad85aa39705,2024-12-29T08:10:59+02:00,2.0,False,False
283046497.0,airbytehq/airbyte,Python,A1,2025-02-01T00:00:00+00:00,0a3ec1de5fe0896d3d408d06b1057fde3cedd553,2025-01-31T17:13:48-05:00,0.0,False,False
283046497.0,airbytehq/airbyte,Python,A1,2025-03-01T00:00:00+00:00,312bb88ac82fed022da1ef926d4d3a2728a51086,2025-02-28T15:37:20-08:00,0.0,False,False
283046497.0,airbytehq/airbyte,Python,A1,2025-04-01T00:00:00+00:00,f7f8ab14e92b10f48bc1624f81cd8fefc5b2bed8,2025-03-31T22:43:31+00:00,0.0,False,False
283046497.0,airbytehq/airbyte,Python,A1,2025-05-01T00:00:00+00:00,b0165839e58296fd356a12f69acc5de0d8564d3c,2025-04-30T18:29:39-04:00,0.0,False,False
283046497.0,airbytehq/airbyte,Python,A1,2025-06-01T00:00:00+00:00,93d8eb0d961dd920944ffc4501a57e77c2050883,2025-05-30T16:45:50-07:00,1.0,False,False
283046497.0,airbytehq/airbyte,Python,A1,2025-07-01T00:00:00+00:00,2b364cc0080b50457158510d6e577a10458d24e5,2025-06-30T14:09:38-07:00,0.0,False,False
283046497.0,airbytehq/airbyte,Python,A1,2025-08-01T00:00:00+00:00,1bf7a5414379391bdd15069b757a58b1ea543e75,2025-07-31T15:48:11-07:00,0.0,False,False
283046497.0,airbytehq/airbyte,Python,A1,2025-09-01T00:00:00+00:00,f3f28d62b5dbcdc5dd83be73663027ade8accbc2,2025-08-29T16:59:46-07:00,2.0,False,False
283046497.0,airbytehq/airbyte,Python,A1,2025-10-01T00:00:00+00:00,1d79b52a4332d24fdcecb163863d41c46136b420,2025-09-30T16:52:46-07:00,0.0,False,False
283046497.0,airbytehq/airbyte,Python,A1,2025-11-01T00:00:00+00:00,198a1811e9af9500b2602d509138ea1755e6fdec,2025-10-31T22:49:03+00:00,0.0,False,False
283046497.0,airbytehq/airbyte,Python,A1,2025-12-01T00:00:00+00:00,e21c11ebc1d60f758b00b79ff55324a91bde3e22,2025-11-27T09:39:12-06:00,3.0,False,False
283046497.0,airbytehq/airbyte,Python,A1,2026-01-01T00:00:00+00:00,f06ebb88c7bdd8c2340cd30401d3633503df2200,2025-12-30T19:02:17-08:00,0.0,False,False
283046497.0,airbytehq/airbyte,Python,A1,2026-02-01T00:00:00+00:00,4e9c5b4d7aa806c86f985848d8febfc47e48e94b,2026-01-30T20:16:29-08:00,0.0,False,False
283046497.0,airbytehq/airbyte,Python,A1,2026-03-01T00:00:00+00:00,c27d1755433b7c04254829df0c6d154a6d8c4145,2026-02-28T15:40:00+00:00,0.0,False,False
283046497.0,airbytehq/airbyte,Python,A2,2024-01-21T21:53:59+00:00,b374a9cb0621402f6e922f3dc030be02595c6fc2,2024-01-20T17:48:29+01:00,1.0,False,False
283046497.0,airbytehq/airbyte,Python,A2,2024-02-21T21:53:59+00:00,c9b7d8acb2a856791ace77c9faed19c806370196,2024-02-21T21:49:35+00:00,0.0,False,False
283046497.0,airbytehq/airbyte,Python,A2,2024-03-21T21:53:59+00:00,d4174a08ba5acbb3c381c403d88ab418e8b963ef,2024-03-21T17:00:49-04:00,0.0,False,False
283046497.0,airbytehq/airbyte,Python,A2,2024-04-21T21:53:59+00:00,5f1e4e63563b09f0fdcaadf2321a4f9301951fb7,2024-04-20T17:12:12-07:00,0.0,False,False
283046497.0,airbytehq/airbyte,Python,A2,2024-05-21T21:53:59+00:00,f4c95a67cacba941fdb0a22d8b66bf5ca2c727c3,2024-05-21T21:08:09+00:00,0.0,False,False
283046497.0,airbytehq/airbyte,Python,A2,2024-06-21T21:53:59+00:00,45c6b04df773fc7988619f4613a54cda2f84c487,2024-06-21T16:46:20-04:00,0.0,False,False
283046497.0,airbytehq/airbyte,Python,A2,2024-07-21T21:53:59+00:00,e5a1cb490f3f87db5c9aec314be89bbb3d45747d,2024-07-21T17:12:06+00:00,0.0,False,False
283046497.0,airbytehq/airbyte,Python,A2,2024-08-21T21:53:59+00:00,0f3b136f5a4fd0faa150174d898a53688bcee589,2024-08-21T21:18:04+00:00,0.0,False,False
283046497.0,airbytehq/airbyte,Python,A2,2024-09-21T21:53:59+00:00,7855c7abc5c118abbc1a726caafcc919eaa08ef7,2024-09-21T09:17:37-07:00,0.0,False,False
283046497.0,airbytehq/airbyte,Python,A2,2024-10-22T21:53:59+00:00,d43b52b87f699e083f66db3e1b50eb774ba09246,2024-10-22T21:51:18+00:00,0.0,False,False
283046497.0,airbytehq/airbyte,Python,A2,2024-10-29T21:53:59+00:00,f6e7695049d278e183f501b5ad41c49ea216607e,2024-10-29T14:25:11-07:00,0.0,False,False
283046497.0,airbytehq/airbyte,Python,A2,2024-11-05T21:53:59+00:00,9a51bce6f63e099a49f0f24dee9fd9dedf06ef29,2024-11-05T23:16:36+02:00,0.0,False,False
283046497.0,airbytehq/airbyte,Python,A2,2024-11-12T21:53:59+00:00,31d31465516309ae479822b1facd17d3cf150d54,2024-11-12T16:15:14-05:00,0.0,False,False
283046497.0,airbytehq/airbyte,Python,A2,2024-11-19T21:53:59+00:00,e610db709e06171bc5d328eb50d6ed7c4ba22a45,2024-11-20T02:00:08+05:30,0.0,False,False
283046497.0,airbytehq/airbyte,Python,A2,2024-11-26T21:53:59+00:00,f9c3c18674230bd202d6cf2fbebb0429cc469307,2024-11-26T18:37:25-03:00,0.0,False,False
283046497.0,airbytehq/airbyte,Python,A2,2024-12-03T21:53:59+00:00,dd62233487b079369df9439bad6c205611721134,2024-12-03T15:03:23-05:00,0.0,False,False
283046497.0,airbytehq/airbyte,Python,A2,2024-12-10T21:53:59+00:00,48786a3814aed3d5c83f88bf8e3249f4bc781650,2024-12-10T13:36:01-06:00,0.0,False,False
283046497.0,airbytehq/airbyte,Python,A2,2024-12-17T21:53:59+00:00,9bff3673e4663e0d2e69f9cce388b80ac124c288,2024-12-17T22:05:05+02:00,0.0,False,False
283046497.0,airbytehq/airbyte,Python,A2,2024-12-24T21:53:59+00:00,671d4de84f54deabe1271e29dcb9bcb80f374d6a,2024-12-24T10:36:48-08:00,0.0,False,False
283046497.0,airbytehq/airbyte,Python,A2,2024-12-31T21:53:59+00:00,fefbb72efa10c695c80ed04cbb564ad85aa39705,2024-12-29T08:10:59+02:00,2.0,False,False
283046497.0,airbytehq/airbyte,Python,A2,2025-01-07T21:53:59+00:00,ac054a641e8f3f87f5cbb04f03d906836736d65d,2025-01-07T22:27:17+02:00,0.0,False,False
283046497.0,airbytehq/airbyte,Python,A2,2025-01-14T21:53:59+00:00,6a8ee2d573ea6c07f61395c572d543cda7472733,2025-01-14T11:30:49-08:00,0.0,False,False
283046497.0,airbytehq/airbyte,Python,A2,2025-01-21T21:53:59+00:00,f2dcd21a249e7738dd7755b964920d96d007e6b0,2025-01-21T13:05:49-08:00,0.0,False,False
283046497.0,airbytehq/airbyte,Python,A2,2025-01-28T21:53:59+00:00,fd8fa679227e01c6c401ddf5d245c280c56832ab,2025-01-28T13:33:04-08:00,0.0,False,False
283046497.0,airbytehq/airbyte,Python,A2,2025-02-04T21:53:59+00:00,bbfdb41bbda97fd858f468ae6b177f79f94887ad,2025-02-04T13:31:40-08:00,0.0,False,False
283046497.0,airbytehq/airbyte,Python,A2,2025-02-11T21:53:59+00:00,35bc80ae4e565d2de86424262051aa192474b72b,2025-02-11T13:11:42-08:00,0.0,False,False
283046497.0,airbytehq/airbyte,Python,A2,2025-02-18T21:53:59+00:00,86aad30849a4f2ba5fd60efc53650ba9956d7f34,2025-02-18T11:04:06-08:00,0.0,False,False
283046497.0,airbytehq/airbyte,Python,A2,2025-02-25T21:53:59+00:00,6146dcd00e646298775922b57af2205c7bd672a3,2025-02-25T13:51:11-08:00,0.0,False,False
283046497.0,airbytehq/airbyte,Python,A2,2025-03-04T21:53:59+00:00,22866053191206c04e0240d2f5cab7f6937d64bb,2025-03-04T13:30:30-08:00,0.0,False,False
283046497.0,airbytehq/airbyte,Python,A2,2025-03-11T21:53:59+00:00,52dca0c0dffbac107aab5a3ae63865ea62a3533b,2025-03-11T13:56:37-07:00,0.0,False,False
283046497.0,airbytehq/airbyte,Python,A2,2025-03-18T21:53:59+00:00,78fd84a8e16eb73b25fe89b5d8c3cc18eca7465d,2025-03-18T14:38:50-07:00,0.0,False,False
283046497.0,airbytehq/airbyte,Python,A2,2025-03-25T21:53:59+00:00,978af84aba184fe9b7bd718941e37f2016f6c00e,2025-03-25T15:53:27-03:00,0.0,False,False
283046497.0,airbytehq/airbyte,Python,A2,2025-04-01T21:53:59+00:00,6f2a59caa0f8450932d08cc2e124f5c53817332e,2025-04-01T13:14:18-07:00,0.0,False,False
283046497.0,airbytehq/airbyte,Python,A2,2025-04-08T21:53:59+00:00,584728405ce129b13cec08da9532c50d114fe4d4,2025-04-08T13:55:55-07:00,0.0,False,False
283046497.0,airbytehq/airbyte,Python,A2,2025-04-15T21:53:59+00:00,f187fe4c90e256b89a3c211a8ed9f930526fb4c6,2025-04-16T00:05:17+03:00,0.0,False,False
283046497.0,airbytehq/airbyte,Python,A2,2025-04-22T21:53:59+00:00,71d6ac86648ac5773fd07d57834b9a13f159f1ec,2025-04-22T17:32:47-04:00,0.0,False,False
283046497.0,airbytehq/airbyte,Python,A2,2025-05-21T21:53:59+00:00,16875ca1dff41db0ebcfeea6dd68118ae269221e,2025-05-21T20:34:14+00:00,0.0,False,False
283046497.0,airbytehq/airbyte,Python,A2,2025-06-21T21:53:59+00:00,e38e426f12555821175f6579c0c8115689902023,2025-06-21T13:12:11-07:00,0.0,False,False
283046497.0,airbytehq/airbyte,Python,A2,2025-07-21T21:53:59+00:00,3ceb78eeda80736f723b9775a5b23fe45a5d086f,2025-07-21T14:42:36-07:00,0.0,False,False
283046497.0,airbytehq/airbyte,Python,A2,2025-08-21T21:53:59+00:00,1e04dabd49bd6c4d5be6f4b8648cce775a05c96c,2025-08-21T20:20:02+00:00,0.0,False,False
283046497.0,airbytehq/airbyte,Python,A2,2025-09-21T21:53:59+00:00,6ce6038dd9ac4227ecdc485ad39d91b7721f186e,2025-09-19T19:07:19-07:00,1.0,False,False
283046497.0,airbytehq/airbyte,Python,A2,2025-10-21T21:53:59+00:00,6650f766de0eb52f85895fc5eed4c14885f8e190,2025-10-21T13:55:44-07:00,0.0,False,False
283046497.0,airbytehq/airbyte,Python,A2,2025-11-21T21:53:59+00:00,5938dee934c89b963cf8fa5684c6a07ecebfc5f4,2025-11-21T11:22:42-08:00,0.0,False,False
283046497.0,airbytehq/airbyte,Python,A2,2025-12-21T21:53:59+00:00,ee2081477893a90347846aa97c5fb89de3e9bc3b,2025-12-19T16:24:51-08:00,1.0,False,False
283046497.0,airbytehq/airbyte,Python,A2,2026-01-21T21:53:59+00:00,d0910bdedf9cb8f7ef120e0d3060f0f439b92242,2026-01-21T13:43:33-08:00,0.0,False,False
136202695.0,mlflow/mlflow,Python,A1,2022-01-01T00:00:00+00:00,c0e0571d280ff19c7de8893e5953adb79a376705,2021-12-30T23:06:12-08:00,0.0,False,False
136202695.0,mlflow/mlflow,Python,A1,2022-02-01T00:00:00+00:00,a1faae7c4ae9141c4bb441cb69273f9c12fbc454,2022-01-28T15:09:58-05:00,3.0,False,False
136202695.0,mlflow/mlflow,Python,A1,2022-03-01T00:00:00+00:00,a65f31b82972474839dae81c54a00a7467f73e8c,2022-02-28T11:09:59-08:00,0.0,False,False
136202695.0,mlflow/mlflow,Python,A1,2022-04-01T00:00:00+00:00,74e94b1976fb5337d57f3147eca9f2c70c5e34b3,2022-04-01T08:51:50+09:00,0.0,False,False
136202695.0,mlflow/mlflow,Python,A1,2022-05-01T00:00:00+00:00,d0d307f7f7b49f013727191a672ae2139bf37343,2022-04-30T22:45:44+09:00,0.0,False,False
136202695.0,mlflow/mlflow,Python,A1,2022-06-01T00:00:00+00:00,9237817e6b1159735d6442d63a40ae07a158cb62,2022-06-01T07:58:20+09:00,0.0,False,False
136202695.0,mlflow/mlflow,Python,A1,2022-07-01T00:00:00+00:00,a06c277185df049f73dadd27be21b286a43fc3d6,2022-06-30T16:00:39-07:00,0.0,False,False
136202695.0,mlflow/mlflow,Python,A1,2022-08-01T00:00:00+00:00,87fcc536f120733f251911fa504c11e92618349b,2022-07-29T07:24:08-07:00,2.0,False,False
136202695.0,mlflow/mlflow,Python,A1,2022-09-01T00:00:00+00:00,2699e78c863ead72595f609aaf638d8a2075606e,2022-08-31T16:17:15-07:00,0.0,False,False
136202695.0,mlflow/mlflow,Python,A1,2022-10-01T00:00:00+00:00,1a2aff0b51b1f98a0df9d60e3f2dc9e3c73a69b8,2022-09-30T21:39:53+00:00,0.0,False,False
136202695.0,mlflow/mlflow,Python,A1,2022-11-01T00:00:00+00:00,980b227058dce5e4187bd7de7593fa0e27b2590e,2022-11-01T08:54:09+09:00,0.0,False,False
136202695.0,mlflow/mlflow,Python,A1,2022-12-01T00:00:00+00:00,c7e8b751f71ce1e1f01e91fc05dec924ac2c824f,2022-11-30T16:03:27+00:00,0.0,False,False
136202695.0,mlflow/mlflow,Python,A1,2023-01-01T00:00:00+00:00,aef0936a4bbc3e56519e3c64bb60701f0114095c,2022-12-29T15:02:13-08:00,2.0,False,False
136202695.0,mlflow/mlflow,Python,A1,2023-02-01T00:00:00+00:00,e43a9b774ebb80f0577a72c1f89a63edf02a0d3a,2023-01-31T13:19:34-08:00,0.0,False,False
136202695.0,mlflow/mlflow,Python,A1,2023-03-01T00:00:00+00:00,68e11fbc39a7e1c0d42ab6a38a6243dbc71e031f,2023-02-28T15:48:40-08:00,0.0,False,False
136202695.0,mlflow/mlflow,Python,A1,2023-04-01T00:00:00+00:00,ed6866e0ef125b120f18a6bc30303d9f4e0ab742,2023-04-01T08:12:32+09:00,0.0,False,False
136202695.0,mlflow/mlflow,Python,A1,2023-05-01T00:00:00+00:00,3bab82373b750a9e16ba03384d376aab522b84a7,2023-04-29T10:57:26+09:00,1.0,False,False
136202695.0,mlflow/mlflow,Python,A1,2023-06-01T00:00:00+00:00,67ed9b70eaf7a99c6bc60bd276a91273d5454698,2023-05-31T19:39:05-04:00,0.0,False,False
136202695.0,mlflow/mlflow,Python,A1,2023-07-01T00:00:00+00:00,fe994bf7b4721653fcc2b7ee4423a831acc6b2c9,2023-06-30T22:39:15+09:00,0.0,False,False
136202695.0,mlflow/mlflow,Python,A1,2023-08-01T00:00:00+00:00,a1f29dcbe6d415d73e59d8060876b2c2e9eb5b87,2023-07-31T22:15:13+08:00,0.0,False,False
136202695.0,mlflow/mlflow,Python,A1,2023-09-01T00:00:00+00:00,96f8c9379eda8a804cd1ea5d5153f27ff1f2aed4,2023-08-31T10:43:12-04:00,0.0,False,False
136202695.0,mlflow/mlflow,Python,A1,2023-10-01T00:00:00+00:00,ca83a3dd71742304df21632d5f2d7152d74b01ac,2023-09-30T11:21:53+09:00,0.0,False,False
136202695.0,mlflow/mlflow,Python,A1,2023-11-01T00:00:00+00:00,159bb3dc08bf0244bed911ae172cea9418515e6c,2023-10-31T19:49:52-04:00,0.0,False,False
136202695.0,mlflow/mlflow,Python,A1,2023-12-01T00:00:00+00:00,d05323e50122faa37064d8b6a4bb20344fd1203c,2023-11-30T23:06:30+00:00,0.0,False,False
136202695.0,mlflow/mlflow,Python,A1,2024-01-01T00:00:00+00:00,3d8b3a7c5a26115357b89c669cbaf8518c280031,2023-12-27T17:28:04-08:00,3.0,False,False
136202695.0,mlflow/mlflow,Python,A1,2024-02-01T00:00:00+00:00,582dfbcc2521759df7689daaf3c9ec7628d9863a,2024-02-01T07:59:27+09:00,0.0,False,False
136202695.0,mlflow/mlflow,Python,A1,2024-03-01T00:00:00+00:00,63b8f9344a8571247a07627f4b9bffec76559c58,2024-02-29T14:44:35-08:00,0.0,False,False
136202695.0,mlflow/mlflow,Python,A1,2024-04-01T00:00:00+00:00,1ad9148fb828a2f7beaad8394967a0691344ff81,2024-03-29T16:42:23-04:00,2.0,False,False
136202695.0,mlflow/mlflow,Python,A1,2024-05-01T00:00:00+00:00,e2e376a5afbb31b90274c0e393d76106285fdd2d,2024-04-30T14:04:19-07:00,0.0,False,False
136202695.0,mlflow/mlflow,Python,A1,2024-06-01T00:00:00+00:00,bd1ecf50cd545b7dc8cd8a5634e3c75fa2a81eeb,2024-05-31T17:53:55+09:00,0.0,False,False
136202695.0,mlflow/mlflow,Python,A1,2024-07-01T00:00:00+00:00,4dfb3b839c146a05f0ab4215356d1a33004939fd,2024-06-28T19:52:11+09:00,2.0,False,False
136202695.0,mlflow/mlflow,Python,A1,2024-08-01T00:00:00+00:00,e6c7d6e0362c92d6145d59b83534162cb0e8913f,2024-07-31T22:35:24+09:00,0.0,False,False
136202695.0,mlflow/mlflow,Python,A1,2024-09-01T00:00:00+00:00,f810d03ec4188c06c61219650b97e64df7748aa1,2024-08-31T09:39:00+09:00,0.0,False,False
136202695.0,mlflow/mlflow,Python,A1,2024-10-01T00:00:00+00:00,1c3830a33363783463e77fde76a3c2747f13b2af,2024-09-30T22:50:15+09:00,0.0,False,False
136202695.0,mlflow/mlflow,Python,A1,2024-11-01T00:00:00+00:00,7b1953fd714547a2e035b674ac5ace0114a4d222,2024-11-01T08:16:32+09:00,0.0,False,False
136202695.0,mlflow/mlflow,Python,A1,2024-12-01T00:00:00+00:00,64721e7f9da641eb9609cd49e775b13f5a0adc55,2024-11-29T12:04:39+00:00,1.0,False,False
136202695.0,mlflow/mlflow,Python,A1,2025-01-01T00:00:00+00:00,c059ea6122e92ced3d0e475a519784a32d2098f8,2024-12-31T17:30:04+08:00,0.0,False,False
136202695.0,mlflow/mlflow,Python,A1,2025-02-01T00:00:00+00:00,80297fa19e76c10178c5f0fa300fc487c37cd4c5,2025-01-31T07:09:29+00:00,0.0,False,False
136202695.0,mlflow/mlflow,Python,A1,2025-03-01T00:00:00+00:00,c78908d9349d75401e8cba16a83cc1147a9e8eb3,2025-02-28T17:53:26+08:00,0.0,False,False
136202695.0,mlflow/mlflow,Python,A1,2025-04-01T00:00:00+00:00,aebc03eda51874af1d36737bd4709f0815cb9155,2025-03-31T19:26:55+00:00,0.0,False,False
136202695.0,mlflow/mlflow,Python,A1,2025-05-01T00:00:00+00:00,aa18d0efe80f8218b422eaec32678a820c3adc99,2025-04-30T23:20:32+00:00,0.0,False,False
136202695.0,mlflow/mlflow,Python,A1,2025-06-01T00:00:00+00:00,5a51f4736d2e73fb9e07fa1ab1d9475c2d426848,2025-05-31T21:34:38+09:00,0.0,False,False
136202695.0,mlflow/mlflow,Python,A1,2025-07-01T00:00:00+00:00,3b459ef9e8e0665a8c1e93096ed2dcd56a5d0048,2025-06-30T16:57:39+00:00,0.0,False,False
136202695.0,mlflow/mlflow,Python,A1,2025-08-01T00:00:00+00:00,ee1ee5db714db74db89412a2058c94fc33a56d05,2025-08-01T00:23:18+09:00,0.0,False,False
136202695.0,mlflow/mlflow,Python,A1,2025-09-01T00:00:00+00:00,ccb706f91830ef9fe43b8eca0eaedaad90a44244,2025-08-31T19:48:06+09:00,0.0,False,False
136202695.0,mlflow/mlflow,Python,A1,2025-10-01T00:00:00+00:00,086a54f7d8ee8b3909474d4c5254a4403d68b532,2025-09-30T23:24:26+09:00,0.0,False,False
136202695.0,mlflow/mlflow,Python,A1,2025-11-01T00:00:00+00:00,579b88aab716cef055da38bf171b99b9217229d8,2025-10-31T23:09:27+09:00,0.0,False,False
136202695.0,mlflow/mlflow,Python,A1,2025-12-01T00:00:00+00:00,5ea85bdfaa34d54b69b32fa4f13e938ab7f5708c,2025-11-30T07:34:27+00:00,0.0,False,False
136202695.0,mlflow/mlflow,Python,A1,2026-01-01T00:00:00+00:00,2d9aa6f84737e25967ac6a78ecb4100ff69b0fc4,2025-12-31T14:06:29+00:00,0.0,False,False
136202695.0,mlflow/mlflow,Python,A1,2026-02-01T00:00:00+00:00,807cadd73e6f1ca19e3b969b56be337fbb496f27,2026-01-31T23:25:57+00:00,0.0,False,False
136202695.0,mlflow/mlflow,Python,A1,2026-03-01T00:00:00+00:00,b04e006000b1b5c43475420ab7428937d3819e08,2026-02-28T18:52:09+00:00,0.0,False,False
136202695.0,mlflow/mlflow,Python,A2,2024-05-21T12:41:48+00:00,2f22db02f671fe31beb8406e8bbde251038e14d0,2024-05-21T18:17:39+08:00,0.0,False,False
136202695.0,mlflow/mlflow,Python,A2,2024-06-21T12:41:48+00:00,d2ca9fcad4dbdd3d50fb714a2de33f8166a1e69d,2024-06-21T20:36:52+09:00,0.0,False,False
136202695.0,mlflow/mlflow,Python,A2,2024-07-21T12:41:48+00:00,72d99ae8cf9d56a3d4984326932e57e18f4a53ba,2024-07-21T15:10:40+08:00,0.0,False,False
136202695.0,mlflow/mlflow,Python,A2,2024-08-21T12:41:48+00:00,653f2e6ff63382d683bc5ac0397b08ad2cd48277,2024-08-21T19:26:35+08:00,0.0,False,False
136202695.0,mlflow/mlflow,Python,A2,2024-09-21T12:41:48+00:00,2283960727fd1fdbaa09b5f5d4dcf78e8f5bb764,2024-09-20T19:39:38+09:00,1.0,False,False
136202695.0,mlflow/mlflow,Python,A2,2024-10-21T12:41:48+00:00,8c59513097333fb9b30978ae3655916b1a16d995,2024-10-21T14:13:15+09:00,0.0,False,False
136202695.0,mlflow/mlflow,Python,A2,2024-11-21T12:41:48+00:00,b467e465bffeb4312158d282ebf433a9ac0ff209,2024-11-21T09:30:47+00:00,0.0,False,False
136202695.0,mlflow/mlflow,Python,A2,2024-12-21T12:41:48+00:00,bb2914a31f417eea236e27d6b6ceac8118e20b57,2024-12-20T12:24:20+00:00,1.0,False,False
136202695.0,mlflow/mlflow,Python,A2,2025-01-21T12:41:48+00:00,30ebc989ff443bc448445e5c83649538e725b1ad,2025-01-21T11:26:21+00:00,0.0,False,False
136202695.0,mlflow/mlflow,Python,A2,2025-02-19T12:41:48+00:00,d0eb90fd279cb0dac3a05f7d48254eed2e21268d,2025-02-19T10:10:46+00:00,0.0,False,False
136202695.0,mlflow/mlflow,Python,A2,2025-02-26T12:41:48+00:00,0d93f22670f6cb37f650dbc9570624f3b17ecb8c,2025-02-26T10:46:11+00:00,0.0,False,False
136202695.0,mlflow/mlflow,Python,A2,2025-03-05T12:41:48+00:00,f84c59fcdbea4266f116c21d8adbee57b64578c9,2025-03-05T20:31:39+08:00,0.0,False,False
136202695.0,mlflow/mlflow,Python,A2,2025-03-12T12:41:48+00:00,e376942420d0f2d083bb1b33ecd772b759413094,2025-03-12T12:20:38+00:00,0.0,False,False
136202695.0,mlflow/mlflow,Python,A2,2025-03-19T12:41:48+00:00,7b2164e2138713132ebd5c8a2b089ff010b320aa,2025-03-19T08:28:34+00:00,0.0,False,False
136202695.0,mlflow/mlflow,Python,A2,2025-03-26T12:41:48+00:00,bfbb18a4e13b075187c44a37bd00f095acec9b66,2025-03-26T09:53:29+00:00,0.0,False,False
136202695.0,mlflow/mlflow,Python,A2,2025-04-02T12:41:48+00:00,dd3dff3d574f4c99b3571ac7df70b5e45bf547fb,2025-04-01T11:12:48+00:00,1.0,False,False
136202695.0,mlflow/mlflow,Python,A2,2025-04-09T12:41:48+00:00,792bc3ba5c0536bcf3c4aa0bf7108e5c934ab4fd,2025-04-09T20:08:07+09:00,0.0,False,False
136202695.0,mlflow/mlflow,Python,A2,2025-04-16T12:41:48+00:00,0d50dcdd2d31f9c16cc65cca79f57e2c36509b1a,2025-04-16T07:05:03+00:00,0.0,False,False
136202695.0,mlflow/mlflow,Python,A2,2025-04-23T12:41:48+00:00,8180be04cea68d48b7c4adc2b807e61a5047279d,2025-04-23T08:50:42+00:00,0.0,False,False
136202695.0,mlflow/mlflow,Python,A2,2025-04-30T12:41:48+00:00,1ee5ada0e7576c6078fc9a199e550d52200c9d64,2025-04-30T11:10:10+00:00,0.0,False,False
136202695.0,mlflow/mlflow,Python,A2,2025-05-07T12:41:48+00:00,6453b0a5e2962c33efbe07b9fb7eb15f4b5c0c4f,2025-05-07T12:16:45+00:00,0.0,False,False
136202695.0,mlflow/mlflow,Python,A2,2025-05-14T12:41:48+00:00,13bc91e699d3cb60785d10a801bbc9ab47ab632d,2025-05-14T21:06:02+09:00,0.0,False,False
136202695.0,mlflow/mlflow,Python,A2,2025-05-21T12:41:48+00:00,41f75bddcf4546170683a5e61f7b680383e019ef,2025-05-21T12:00:14+00:00,0.0,False,False
136202695.0,mlflow/mlflow,Python,A2,2025-05-28T12:41:48+00:00,8521cd2a57b9fce794f75dffc9bb6ade7852dfb6,2025-05-28T12:12:44+00:00,0.0,False,False
136202695.0,mlflow/mlflow,Python,A2,2025-06-04T12:41:48+00:00,c1c0e26441e3f5c7f27b8fd58cc51568dbdb9d9e,2025-06-04T08:15:24+00:00,0.0,False,False
136202695.0,mlflow/mlflow,Python,A2,2025-06-11T12:41:48+00:00,0bdfc1f9565da7bb92bc129f02d04a8c2b4dde5a,2025-06-11T19:39:24+09:00,0.0,False,False
136202695.0,mlflow/mlflow,Python,A2,2025-06-18T12:41:48+00:00,cbde7a8a7f7c4b8364df65403cf593fade34586a,2025-06-18T19:35:24+09:00,0.0,False,False
136202695.0,mlflow/mlflow,Python,A2,2025-06-25T12:41:48+00:00,a05c8bfeb79593d5afe8951379e0396131045028,2025-06-25T21:35:55+09:00,0.0,False,False
136202695.0,mlflow/mlflow,Python,A2,2025-07-02T12:41:48+00:00,17d111248bc2c1dfff842b02604bce6d2f964f1e,2025-07-02T21:24:50+09:00,0.0,False,False
136202695.0,mlflow/mlflow,Python,A2,2025-07-09T12:41:48+00:00,5f53ae07255d8f5f41d1c0317ffb5014c334468d,2025-07-09T12:37:41+00:00,0.0,False,False
136202695.0,mlflow/mlflow,Python,A2,2025-07-16T12:41:48+00:00,508e16e29362148c2e3b4c5063c1f95b47eae494,2025-07-16T20:37:47+08:00,0.0,False,False
136202695.0,mlflow/mlflow,Python,A2,2025-07-23T12:41:48+00:00,23063cf3063aba744796ebedcdff68929018eb6f,2025-07-23T07:55:30+00:00,0.0,False,False
136202695.0,mlflow/mlflow,Python,A2,2025-07-30T12:41:48+00:00,ed352b3b82233d7f50538ab3a976784b951ee7af,2025-07-30T10:37:56+00:00,0.0,False,False
136202695.0,mlflow/mlflow,Python,A2,2025-08-06T12:41:48+00:00,0f75f7a05541d34541d915678d3c19c1431fa044,2025-08-06T12:31:29+00:00,0.0,False,False
136202695.0,mlflow/mlflow,Python,A2,2025-08-13T12:41:48+00:00,fc3c9b7749117a8dfffda25496415ea0f8db15a9,2025-08-13T10:12:11+00:00,0.0,False,False
136202695.0,mlflow/mlflow,Python,A2,2025-08-20T12:41:48+00:00,643965ff6d5879ec66446b7874469fa0841771ee,2025-08-20T19:05:59+09:00,0.0,False,False
136202695.0,mlflow/mlflow,Python,A2,2025-09-21T12:41:48+00:00,5ee4f656d64a3021cd787e2ea31ea3ea4b533114,2025-09-21T18:16:12+09:00,0.0,False,False
136202695.0,mlflow/mlflow,Python,A2,2025-10-21T12:41:48+00:00,d92fecf5e2927eceb2756c3d2e83c2243e259f85,2025-10-21T07:38:27+00:00,0.0,False,False
136202695.0,mlflow/mlflow,Python,A2,2025-11-21T12:41:48+00:00,43f06f91e1ce191da863bc13180a59c6b70a9c68,2025-11-21T12:03:03+00:00,0.0,False,False
136202695.0,mlflow/mlflow,Python,A2,2025-12-21T12:41:48+00:00,17b0ac55b982b9f2bc65d5de166ac9c833b359fd,2025-12-21T20:05:45+08:00,0.0,False,False
136202695.0,mlflow/mlflow,Python,A2,2026-01-21T12:41:48+00:00,9828badddb85713d34a0e0d71ce794fc245e90c4,2026-01-21T12:12:52+00:00,0.0,False,False
136202695.0,mlflow/mlflow,Python,A2,2026-02-21T12:41:48+00:00,78b6f7d460e7c5b42589eae5cfee0dce6ad03e02,2026-02-21T10:39:47+00:00,0.0,False,False
136202695.0,mlflow/mlflow,Python,A2,2026-03-21T12:41:48+00:00,e6ef6f4d820c4151b33921bf5580cec4aa10c324,2026-03-21T08:27:31+00:00,0.0,False,False
136202695.0,mlflow/mlflow,Python,A2,2026-04-21T12:41:48+00:00,12bbb169d6e3d480c7e56aac50bc7d6e51015861,2026-04-21T12:11:13+00:00,0.0,False,False
136202695.0,mlflow/mlflow,Python,A2,2026-05-21T12:41:48+00:00,8d0ab52b30cd9bf18629969fca35063353bcf722,2026-05-21T20:39:31+09:00,0.0,False,False
134182879.0,wieslawsoltes/Dock,C#,A1,2022-01-01T00:00:00+00:00,049cdf9d93715473c303c651a411d105df0d35af,2021-12-21T14:55:15+01:00,10.0,False,False
134182879.0,wieslawsoltes/Dock,C#,A1,2022-02-01T00:00:00+00:00,41fa214df992377b0efd1f95c581086bbf3c3528,2022-01-27T10:37:22+01:00,4.0,False,False
134182879.0,wieslawsoltes/Dock,C#,A1,2022-03-01T00:00:00+00:00,e9b288796f097eed581f994e0ac12acca57ad8f4,2022-02-04T11:49:49+01:00,24.0,False,False
134182879.0,wieslawsoltes/Dock,C#,A1,2022-04-01T00:00:00+00:00,e9b288796f097eed581f994e0ac12acca57ad8f4,2022-02-04T11:49:49+01:00,55.0,True,False
134182879.0,wieslawsoltes/Dock,C#,A1,2022-05-01T00:00:00+00:00,e9b288796f097eed581f994e0ac12acca57ad8f4,2022-02-04T11:49:49+01:00,85.0,True,False
134182879.0,wieslawsoltes/Dock,C#,A1,2022-06-01T00:00:00+00:00,54c8d450de14a4398718eec1027c6b1227398758,2022-05-27T13:19:26+02:00,4.0,False,False
134182879.0,wieslawsoltes/Dock,C#,A1,2022-07-01T00:00:00+00:00,54c8d450de14a4398718eec1027c6b1227398758,2022-05-27T13:19:26+02:00,34.0,False,False
134182879.0,wieslawsoltes/Dock,C#,A1,2022-08-01T00:00:00+00:00,54c8d450de14a4398718eec1027c6b1227398758,2022-05-27T13:19:26+02:00,65.0,True,False
134182879.0,wieslawsoltes/Dock,C#,A1,2022-09-01T00:00:00+00:00,31ab404c63e2781886547a2171fef90cacb5b75e,2022-08-19T22:48:23+02:00,12.0,False,False
134182879.0,wieslawsoltes/Dock,C#,A1,2022-10-01T00:00:00+00:00,31ab404c63e2781886547a2171fef90cacb5b75e,2022-08-19T22:48:23+02:00,42.0,False,False
134182879.0,wieslawsoltes/Dock,C#,A1,2022-11-01T00:00:00+00:00,06382ff26aae5c809868424e4877254772711086,2022-10-25T14:48:06+02:00,6.0,False,False
134182879.0,wieslawsoltes/Dock,C#,A1,2022-12-01T00:00:00+00:00,ebaeb238c875c5ae8c80cc8dd2e5c35b8842c247,2022-11-30T23:55:21+01:00,0.0,False,False
134182879.0,wieslawsoltes/Dock,C#,A1,2023-01-01T00:00:00+00:00,59ec2aa9f5c77ac6504accada81e649ff6dadd7b,2022-12-29T21:11:57+01:00,2.0,False,False
134182879.0,wieslawsoltes/Dock,C#,A1,2023-02-01T00:00:00+00:00,062582509816da86a7e48228a226767940cad874,2023-01-04T11:28:44+01:00,27.0,False,False
134182879.0,wieslawsoltes/Dock,C#,A1,2023-03-01T00:00:00+00:00,6ac358722ad64cab62e4a5ae5d3002e35a1c905c,2023-02-03T21:24:34+01:00,25.0,False,False
134182879.0,wieslawsoltes/Dock,C#,A1,2023-04-01T00:00:00+00:00,49ecebd6038aa29f0c1fde3532bc345a5fd363a1,2023-03-22T09:39:24+01:00,9.0,False,False
134182879.0,wieslawsoltes/Dock,C#,A1,2023-05-01T00:00:00+00:00,887ef0caffb25dec36960929275e08beae59fb77,2023-04-24T23:24:24+02:00,6.0,False,False
134182879.0,wieslawsoltes/Dock,C#,A1,2023-06-01T00:00:00+00:00,826119b46905a80ebce44b40bb727be7d4097ae2,2023-05-17T12:41:22+02:00,14.0,False,False
134182879.0,wieslawsoltes/Dock,C#,A1,2023-07-01T00:00:00+00:00,889c9270b45c75acaedf1c0439871d64d915efe1,2023-06-03T21:37:48+02:00,27.0,False,False
134182879.0,wieslawsoltes/Dock,C#,A1,2023-08-01T00:00:00+00:00,cb84079c1500566b1b720244bc02275525f780e6,2023-07-05T17:04:04+02:00,26.0,False,False
134182879.0,wieslawsoltes/Dock,C#,A1,2023-09-01T00:00:00+00:00,b63425b406b07d3bbcf1ad227596f176a151e8a5,2023-08-31T13:38:08+02:00,0.0,False,False
134182879.0,wieslawsoltes/Dock,C#,A1,2023-10-01T00:00:00+00:00,41e6f4fb1d9522dcc8b9b660eea46188ce358f19,2023-09-16T14:25:09+02:00,14.0,False,False
134182879.0,wieslawsoltes/Dock,C#,A1,2023-11-01T00:00:00+00:00,41e6f4fb1d9522dcc8b9b660eea46188ce358f19,2023-09-16T14:25:09+02:00,45.0,False,False
134182879.0,wieslawsoltes/Dock,C#,A1,2023-12-01T00:00:00+00:00,14ffed2b6dca50c974587287d2c423aa8df53ac2,2023-11-15T09:11:05+01:00,15.0,False,False
134182879.0,wieslawsoltes/Dock,C#,A1,2024-01-01T00:00:00+00:00,b81507abf419c26959e2d7b0a47d07673c47036a,2023-12-18T10:49:18+01:00,13.0,False,False
134182879.0,wieslawsoltes/Dock,C#,A1,2024-02-01T00:00:00+00:00,b81507abf419c26959e2d7b0a47d07673c47036a,2023-12-18T10:49:18+01:00,44.0,False,False
134182879.0,wieslawsoltes/Dock,C#,A1,2024-03-01T00:00:00+00:00,6e1aa61337157b19e59c6fc6cd7946d9a2f6614a,2024-02-16T10:41:32-08:00,13.0,False,False
134182879.0,wieslawsoltes/Dock,C#,A1,2024-04-01T00:00:00+00:00,7cfc331db4a8d523f9de555ebaf7b65f9e0f947e,2024-03-23T12:39:06+01:00,8.0,False,False
134182879.0,wieslawsoltes/Dock,C#,A1,2024-05-01T00:00:00+00:00,7cfc331db4a8d523f9de555ebaf7b65f9e0f947e,2024-03-23T12:39:06+01:00,38.0,False,False
134182879.0,wieslawsoltes/Dock,C#,A1,2024-06-01T00:00:00+00:00,7cfc331db4a8d523f9de555ebaf7b65f9e0f947e,2024-03-23T12:39:06+01:00,69.0,True,False
134182879.0,wieslawsoltes/Dock,C#,A1,2024-07-01T00:00:00+00:00,f553f53e942d1e784fbba0a4cdd24e8e3da409f9,2024-06-01T19:29:43+02:00,29.0,False,False
134182879.0,wieslawsoltes/Dock,C#,A1,2024-08-01T00:00:00+00:00,2e0d2fbeef6d1b5013bb7b397ea9d443fb809185,2024-07-23T13:27:34+02:00,8.0,False,False
134182879.0,wieslawsoltes/Dock,C#,A1,2024-09-01T00:00:00+00:00,a6d9f10bbc50cbd1fe62d536c1d0bcdd32ab8097,2024-08-15T14:25:55+02:00,16.0,False,False
134182879.0,wieslawsoltes/Dock,C#,A1,2024-10-01T00:00:00+00:00,5e08ea68d83771de9f92f68c02a7d6fba6827464,2024-09-23T23:50:42+02:00,7.0,False,False
134182879.0,wieslawsoltes/Dock,C#,A1,2024-11-01T00:00:00+00:00,ec364305e2c5d5e623c2c4a3f3342b4889ec12eb,2024-10-31T11:47:37+01:00,0.0,False,False
134182879.0,wieslawsoltes/Dock,C#,A1,2024-12-01T00:00:00+00:00,375f48b8ef1454be17782147e39a4e850e7fbc3a,2024-11-29T23:42:39+01:00,1.0,False,False
134182879.0,wieslawsoltes/Dock,C#,A1,2025-01-01T00:00:00+00:00,30293a3a9eaa94d7d872072a8f5a9ed8b215bb31,2024-12-29T00:34:48+01:00,3.0,False,False
134182879.0,wieslawsoltes/Dock,C#,A1,2025-02-01T00:00:00+00:00,295a12e144696c75ca9f6c95e0583e464543d5f9,2025-01-27T11:55:49+01:00,4.0,False,False
134182879.0,wieslawsoltes/Dock,C#,A1,2025-03-01T00:00:00+00:00,096c825341527194855ba0dfa8fc0404741bfc43,2025-02-26T22:18:12+01:00,2.0,False,False
134182879.0,wieslawsoltes/Dock,C#,A1,2025-04-01T00:00:00+00:00,32c6cec8a3db069077bc79e1de856e283ad12f7a,2025-03-07T10:17:35+01:00,24.0,False,False
134182879.0,wieslawsoltes/Dock,C#,A1,2025-05-01T00:00:00+00:00,4a71f5b9887ee95de38592c0819a88db84e8e6af,2025-04-16T10:58:27+02:00,14.0,False,False
134182879.0,wieslawsoltes/Dock,C#,A1,2025-06-01T00:00:00+00:00,8f9750c1459ca16f70f34cb167fe26a5d1c59728,2025-05-24T23:41:36+02:00,7.0,False,False
134182879.0,wieslawsoltes/Dock,C#,A1,2025-07-01T00:00:00+00:00,c40c1bdf87e9286fc4a5d7a37fd2e163ec6e533c,2025-06-30T21:00:30+02:00,0.0,False,False
134182879.0,wieslawsoltes/Dock,C#,A1,2025-08-01T00:00:00+00:00,d93b0b4d182dd385968b77fa92b48ea41d78cba1,2025-07-29T23:52:21+02:00,2.0,False,False
134182879.0,wieslawsoltes/Dock,C#,A1,2025-09-01T00:00:00+00:00,d37bfd02b43042e79a8f67a1263f9b047082faea,2025-08-24T20:13:23+02:00,7.0,False,False
134182879.0,wieslawsoltes/Dock,C#,A1,2025-10-01T00:00:00+00:00,031625d0e0858bc7883d80fe8afe71963a3a7a84,2025-09-24T09:44:18+02:00,6.0,False,False
134182879.0,wieslawsoltes/Dock,C#,A1,2025-11-01T00:00:00+00:00,6a601e744aa3427c3e0cc2b6f91147ecdb71df8b,2025-10-23T16:40:44+02:00,8.0,False,False
134182879.0,wieslawsoltes/Dock,C#,A1,2025-12-01T00:00:00+00:00,a68ae01a4fb8f69acbc61a280162f7a825090ea0,2025-11-14T13:25:53+01:00,16.0,False,False
134182879.0,wieslawsoltes/Dock,C#,A1,2026-01-01T00:00:00+00:00,3168804a6ec3ad19eae87d47f49ddcbc6a36ab98,2025-12-30T19:27:50+01:00,1.0,False,False
134182879.0,wieslawsoltes/Dock,C#,A1,2026-02-01T00:00:00+00:00,16f111b5608e0ae0733038b7064486413edcb271,2026-01-31T20:41:22+01:00,0.0,False,False
134182879.0,wieslawsoltes/Dock,C#,A1,2026-03-01T00:00:00+00:00,85d63e7b6eabcae0a11002ee899e81ca9f399604,2026-02-27T14:54:45+01:00,1.0,False,False
134182879.0,wieslawsoltes/Dock,C#,A2,2024-06-25T10:52:03+00:00,f553f53e942d1e784fbba0a4cdd24e8e3da409f9,2024-06-01T19:29:43+02:00,23.0,False,False
134182879.0,wieslawsoltes/Dock,C#,A2,2024-07-25T10:52:03+00:00,2e0d2fbeef6d1b5013bb7b397ea9d443fb809185,2024-07-23T13:27:34+02:00,1.0,False,False
134182879.0,wieslawsoltes/Dock,C#,A2,2024-08-25T10:52:03+00:00,a6d9f10bbc50cbd1fe62d536c1d0bcdd32ab8097,2024-08-15T14:25:55+02:00,9.0,False,False
134182879.0,wieslawsoltes/Dock,C#,A2,2024-09-25T10:52:03+00:00,5e08ea68d83771de9f92f68c02a7d6fba6827464,2024-09-23T23:50:42+02:00,1.0,False,False
134182879.0,wieslawsoltes/Dock,C#,A2,2024-10-25T10:52:03+00:00,568b6f60184d7dd3ba8ba20c58894ed69feee02f,2024-10-19T21:23:19+02:00,5.0,False,False
134182879.0,wieslawsoltes/Dock,C#,A2,2024-11-25T10:52:03+00:00,9034af1bd541e24cdbdd18e99f64d844d61608b1,2024-11-12T20:37:41+01:00,12.0,False,False
134182879.0,wieslawsoltes/Dock,C#,A2,2024-12-25T10:52:03+00:00,a0ae70647c6ea42561d50d5805ce1c7eb648e0c9,2024-12-23T21:11:43+01:00,1.0,False,False
134182879.0,wieslawsoltes/Dock,C#,A2,2025-01-25T10:52:03+00:00,154e2eea829ec4b89af1ba3bcb17f373b546a42e,2025-01-06T08:03:59-08:00,18.0,False,False
134182879.0,wieslawsoltes/Dock,C#,A2,2025-02-25T10:52:03+00:00,295a12e144696c75ca9f6c95e0583e464543d5f9,2025-01-27T11:55:49+01:00,28.0,False,False
134182879.0,wieslawsoltes/Dock,C#,A2,2025-03-26T10:52:03+00:00,32c6cec8a3db069077bc79e1de856e283ad12f7a,2025-03-07T10:17:35+01:00,19.0,False,False
134182879.0,wieslawsoltes/Dock,C#,A2,2025-04-02T10:52:03+00:00,32c6cec8a3db069077bc79e1de856e283ad12f7a,2025-03-07T10:17:35+01:00,26.0,False,False
134182879.0,wieslawsoltes/Dock,C#,A2,2025-04-09T10:52:03+00:00,32c6cec8a3db069077bc79e1de856e283ad12f7a,2025-03-07T10:17:35+01:00,33.0,False,False
134182879.0,wieslawsoltes/Dock,C#,A2,2025-04-16T10:52:03+00:00,4a71f5b9887ee95de38592c0819a88db84e8e6af,2025-04-16T10:58:27+02:00,0.0,False,False
134182879.0,wieslawsoltes/Dock,C#,A2,2025-04-23T10:52:03+00:00,4a71f5b9887ee95de38592c0819a88db84e8e6af,2025-04-16T10:58:27+02:00,7.0,False,False
134182879.0,wieslawsoltes/Dock,C#,A2,2025-04-30T10:52:03+00:00,4a71f5b9887ee95de38592c0819a88db84e8e6af,2025-04-16T10:58:27+02:00,14.0,False,False
134182879.0,wieslawsoltes/Dock,C#,A2,2025-05-07T10:52:03+00:00,d6140656b444191ad7f05a9258690acc0c11f2b7,2025-05-04T22:47:09+02:00,2.0,False,False
134182879.0,wieslawsoltes/Dock,C#,A2,2025-05-14T10:52:03+00:00,1b849d0e8349cad27552808f0e8d4507c2278159,2025-05-12T22:35:02+02:00,1.0,False,False
134182879.0,wieslawsoltes/Dock,C#,A2,2025-05-21T10:52:03+00:00,1b849d0e8349cad27552808f0e8d4507c2278159,2025-05-12T22:35:02+02:00,8.0,False,False
134182879.0,wieslawsoltes/Dock,C#,A2,2025-05-28T10:52:03+00:00,8f9750c1459ca16f70f34cb167fe26a5d1c59728,2025-05-24T23:41:36+02:00,3.0,False,False
134182879.0,wieslawsoltes/Dock,C#,A2,2025-06-04T10:52:03+00:00,8f9750c1459ca16f70f34cb167fe26a5d1c59728,2025-05-24T23:41:36+02:00,10.0,False,False
134182879.0,wieslawsoltes/Dock,C#,A2,2025-06-11T10:52:03+00:00,8f9750c1459ca16f70f34cb167fe26a5d1c59728,2025-05-24T23:41:36+02:00,17.0,False,False
134182879.0,wieslawsoltes/Dock,C#,A2,2025-06-18T10:52:03+00:00,8f9750c1459ca16f70f34cb167fe26a5d1c59728,2025-05-24T23:41:36+02:00,24.0,False,False
134182879.0,wieslawsoltes/Dock,C#,A2,2025-06-25T10:52:03+00:00,1a9b33874b10c6eefcd6776837a8fe13f74fa988,2025-06-25T12:52:01+02:00,0.0,False,False
134182879.0,wieslawsoltes/Dock,C#,A2,2025-07-02T10:52:03+00:00,3082ab78250faefc5f0afcde775f3add417d0d6a,2025-07-02T12:48:00+02:00,0.0,False,False
134182879.0,wieslawsoltes/Dock,C#,A2,2025-07-09T10:52:03+00:00,65a76d79e37af26e9bcf12bde09489d646850994,2025-07-09T12:23:55+02:00,0.0,False,False
134182879.0,wieslawsoltes/Dock,C#,A2,2025-07-16T10:52:03+00:00,bbe333d66bf81a5ad9e126a2cc3ca029c116c07e,2025-07-15T07:38:23+02:00,1.0,False,False
134182879.0,wieslawsoltes/Dock,C#,A2,2025-07-23T10:52:03+00:00,5ec1e08dbd4fd74aed5544517236a35c1617ad37,2025-07-23T12:25:20+02:00,0.0,False,False
134182879.0,wieslawsoltes/Dock,C#,A2,2025-07-30T10:52:03+00:00,d93b0b4d182dd385968b77fa92b48ea41d78cba1,2025-07-29T23:52:21+02:00,0.0,False,False
134182879.0,wieslawsoltes/Dock,C#,A2,2025-08-06T10:52:03+00:00,80d9e952f42212c83b06d6e3ebf7d5c6069f734a,2025-08-06T07:43:44+02:00,0.0,False,False
134182879.0,wieslawsoltes/Dock,C#,A2,2025-08-13T10:52:03+00:00,b06df1b61e57b322e274735fd0d58d0839010d47,2025-08-12T16:51:31+02:00,0.0,False,False
134182879.0,wieslawsoltes/Dock,C#,A2,2025-08-20T10:52:03+00:00,e0569bc7f5f1ac63fa9f280ef881fb824760b312,2025-08-15T10:43:09+02:00,5.0,False,False
134182879.0,wieslawsoltes/Dock,C#,A2,2025-08-27T10:52:03+00:00,d37bfd02b43042e79a8f67a1263f9b047082faea,2025-08-24T20:13:23+02:00,2.0,False,False
134182879.0,wieslawsoltes/Dock,C#,A2,2025-09-03T10:52:03+00:00,d37bfd02b43042e79a8f67a1263f9b047082faea,2025-08-24T20:13:23+02:00,9.0,False,False
134182879.0,wieslawsoltes/Dock,C#,A2,2025-09-10T10:52:03+00:00,a3df06057563d4139befd1a4890208d8b87e2207,2025-09-08T21:27:50+02:00,1.0,False,False
134182879.0,wieslawsoltes/Dock,C#,A2,2025-09-17T10:52:03+00:00,348555395dcd9189bee5b402f02c0054244ffa2c,2025-09-17T10:16:32+02:00,0.0,False,False
134182879.0,wieslawsoltes/Dock,C#,A2,2025-09-24T10:52:03+00:00,031625d0e0858bc7883d80fe8afe71963a3a7a84,2025-09-24T09:44:18+02:00,0.0,False,False
134182879.0,wieslawsoltes/Dock,C#,A2,2025-10-25T10:52:03+00:00,6a601e744aa3427c3e0cc2b6f91147ecdb71df8b,2025-10-23T16:40:44+02:00,1.0,False,False
134182879.0,wieslawsoltes/Dock,C#,A2,2025-11-25T10:52:03+00:00,a68ae01a4fb8f69acbc61a280162f7a825090ea0,2025-11-14T13:25:53+01:00,10.0,False,False
134182879.0,wieslawsoltes/Dock,C#,A2,2025-12-25T10:52:03+00:00,78a7b4e89751f047b7ab9b71ab139202258c6650,2025-12-20T22:13:29+01:00,4.0,False,False
134182879.0,wieslawsoltes/Dock,C#,A2,2026-01-25T10:52:03+00:00,20e9ddb1f9f7afc6aec9af74f71e78b6924ad052,2026-01-24T22:23:42+01:00,0.0,False,False
134182879.0,wieslawsoltes/Dock,C#,A2,2026-02-25T10:52:03+00:00,a86b0faa3fde87b4f8bd0ab958f006a222b44bb2,2026-02-25T08:59:33+00:00,0.0,False,False
134182879.0,wieslawsoltes/Dock,C#,A2,2026-03-25T10:52:03+00:00,348e2fa9b8b76e6768c9100ad6e8ad38cb27e2c3,2026-03-20T19:49:07+01:00,4.0,False,False
134182879.0,wieslawsoltes/Dock,C#,A2,2026-04-25T10:52:03+00:00,ebbf3d46a9c9e7b4d6b898df2a685a2f956344ee,2026-04-24T13:41:05+02:00,0.0,False,False
134182879.0,wieslawsoltes/Dock,C#,A2,2026-05-25T10:52:03+00:00,ebbf3d46a9c9e7b4d6b898df2a685a2f956344ee,2026-04-24T13:41:05+02:00,30.0,False,False
134182879.0,wieslawsoltes/Dock,C#,A2,2026-06-25T10:52:03+00:00,30b8ec0a23a338037dafd9f44b30a80eec095604,2026-06-19T11:33:16+03:00,6.0,False,False
696529789.0,dotnet/aspire,C#,A1,2022-01-01T00:00:00+00:00,,,,False,True
696529789.0,dotnet/aspire,C#,A1,2022-02-01T00:00:00+00:00,,,,False,True
696529789.0,dotnet/aspire,C#,A1,2022-03-01T00:00:00+00:00,,,,False,True
696529789.0,dotnet/aspire,C#,A1,2022-04-01T00:00:00+00:00,,,,False,True
696529789.0,dotnet/aspire,C#,A1,2022-05-01T00:00:00+00:00,,,,False,True
696529789.0,dotnet/aspire,C#,A1,2022-06-01T00:00:00+00:00,,,,False,True
696529789.0,dotnet/aspire,C#,A1,2022-07-01T00:00:00+00:00,,,,False,True
696529789.0,dotnet/aspire,C#,A1,2022-08-01T00:00:00+00:00,,,,False,True
696529789.0,dotnet/aspire,C#,A1,2022-09-01T00:00:00+00:00,,,,False,True
696529789.0,dotnet/aspire,C#,A1,2022-10-01T00:00:00+00:00,,,,False,True
696529789.0,dotnet/aspire,C#,A1,2022-11-01T00:00:00+00:00,,,,False,True
696529789.0,dotnet/aspire,C#,A1,2022-12-01T00:00:00+00:00,,,,False,True
696529789.0,dotnet/aspire,C#,A1,2023-01-01T00:00:00+00:00,,,,False,True
696529789.0,dotnet/aspire,C#,A1,2023-02-01T00:00:00+00:00,,,,False,True
696529789.0,dotnet/aspire,C#,A1,2023-03-01T00:00:00+00:00,,,,False,True
696529789.0,dotnet/aspire,C#,A1,2023-04-01T00:00:00+00:00,,,,False,True
696529789.0,dotnet/aspire,C#,A1,2023-05-01T00:00:00+00:00,,,,False,True
696529789.0,dotnet/aspire,C#,A1,2023-06-01T00:00:00+00:00,,,,False,True
696529789.0,dotnet/aspire,C#,A1,2023-07-01T00:00:00+00:00,,,,False,True
696529789.0,dotnet/aspire,C#,A1,2023-08-01T00:00:00+00:00,,,,False,True
696529789.0,dotnet/aspire,C#,A1,2023-09-01T00:00:00+00:00,,,,False,True
696529789.0,dotnet/aspire,C#,A1,2023-10-01T00:00:00+00:00,1fecfe76fa22363c89916c500ebd5ebaecb5600f,2023-09-30T12:11:22+08:00,0.0,False,False
696529789.0,dotnet/aspire,C#,A1,2023-11-01T00:00:00+00:00,ea5e3e518bfc7ddd3200960b605e837122589a45,2023-10-31T16:26:58-07:00,0.0,False,False
696529789.0,dotnet/aspire,C#,A1,2023-12-01T00:00:00+00:00,b6fd5fd42f0642940e8c97369c56ddb1c0828c91,2023-11-30T15:41:13-08:00,0.0,False,False
696529789.0,dotnet/aspire,C#,A1,2024-01-01T00:00:00+00:00,46cc5293c3199b1cac1b442535d77ca8229eff44,2023-12-29T10:43:47-05:00,2.0,False,False
696529789.0,dotnet/aspire,C#,A1,2024-02-01T00:00:00+00:00,5200ffccb8a25ba28da63f9e83455fa2a0c2d7a6,2024-01-31T14:33:30-08:00,0.0,False,False
696529789.0,dotnet/aspire,C#,A1,2024-03-01T00:00:00+00:00,4cd89285459dbd52b154e0bbc04bca445ad2c706,2024-02-29T14:26:21-08:00,0.0,False,False
696529789.0,dotnet/aspire,C#,A1,2024-04-01T00:00:00+00:00,9c4533e939faafbc26202694808e37039e22d835,2024-03-31T21:36:55+00:00,0.0,False,False
696529789.0,dotnet/aspire,C#,A1,2024-05-01T00:00:00+00:00,e25cb52cd0cea08d908d3af7a3f75e9fbb5f8b95,2024-04-30T15:26:27-07:00,0.0,False,False
696529789.0,dotnet/aspire,C#,A1,2024-06-01T00:00:00+00:00,67a1a76077a14766c1e86d87ea89d7abee402694,2024-05-31T19:48:10+00:00,0.0,False,False
696529789.0,dotnet/aspire,C#,A1,2024-07-01T00:00:00+00:00,c9adccfe2af7dbf3fa627ffc4089cb644272ce88,2024-06-28T22:14:12-05:00,1.0,False,False
696529789.0,dotnet/aspire,C#,A1,2024-08-01T00:00:00+00:00,232e434c79acd2bd1221ad05a5d2dd5118018804,2024-07-31T16:49:24-04:00,0.0,False,False
696529789.0,dotnet/aspire,C#,A1,2024-09-01T00:00:00+00:00,84bd9f75ab096a1cf9b8ea8e69914445aaf23d8c,2024-08-30T22:54:11-07:00,0.0,False,False
696529789.0,dotnet/aspire,C#,A1,2024-10-01T00:00:00+00:00,31a2511b700cc8da7a18b4b0f27a7356512e4ee4,2024-09-30T21:41:54+00:00,0.0,False,False
696529789.0,dotnet/aspire,C#,A1,2024-11-01T00:00:00+00:00,8acffaf3567a2ca080c44b91c5da11db20048a4e,2024-10-31T16:49:25-07:00,0.0,False,False
696529789.0,dotnet/aspire,C#,A1,2024-12-01T00:00:00+00:00,d9a982622c937f67ef805bf8c2142ecea1e7531a,2024-11-29T03:42:34+00:00,1.0,False,False
696529789.0,dotnet/aspire,C#,A1,2025-01-01T00:00:00+00:00,89e329c95ebac571567a58f27bfeb462d8e6b35d,2024-12-20T23:30:48+00:00,11.0,False,False
696529789.0,dotnet/aspire,C#,A1,2025-02-01T00:00:00+00:00,855ebcba9beef3567d5c486d9798f08d65207050,2025-01-31T15:26:41-08:00,0.0,False,False
696529789.0,dotnet/aspire,C#,A1,2025-03-01T00:00:00+00:00,862b817d6aa6d50fdebf3e3355277dbc34a3bd15,2025-02-28T23:47:55+00:00,0.0,False,False
696529789.0,dotnet/aspire,C#,A1,2025-04-01T00:00:00+00:00,1c65ede904f3123703382248ead2b11218ac1387,2025-04-01T10:16:31+11:00,0.0,False,False
696529789.0,dotnet/aspire,C#,A1,2025-05-01T00:00:00+00:00,935f06b15acaa8068375d5507423aacdaaf1de52,2025-05-01T06:01:43+10:00,0.0,False,False
696529789.0,dotnet/aspire,C#,A1,2025-06-01T00:00:00+00:00,faec2ac4f54678c0d3fea18825256a4e971f4c7c,2025-05-31T15:09:33-07:00,0.0,False,False
696529789.0,dotnet/aspire,C#,A1,2025-07-01T00:00:00+00:00,98b3f12acdb3904415c1abad185fcd48ceb7b8d2,2025-06-30T15:40:19-05:00,0.0,False,False
696529789.0,dotnet/aspire,C#,A1,2025-08-01T00:00:00+00:00,8c9ad9df2c15293bc5d6a4370ddd7fcb6513bf82,2025-07-31T23:57:30+00:00,0.0,False,False
696529789.0,dotnet/aspire,C#,A1,2025-09-01T00:00:00+00:00,7ef1702e1d84a52ac221704b17fe3a492360fc7f,2025-08-30T18:58:51+08:00,1.0,False,False
696529789.0,dotnet/aspire,C#,A1,2025-10-01T00:00:00+00:00,17b639949da697093d4320782f24c8190f6f9761,2025-09-30T23:39:50+00:00,0.0,False,False
696529789.0,dotnet/aspire,C#,A1,2025-11-01T00:00:00+00:00,11b8fe34fce7de71ba35d3657f21603cbe295ce1,2025-10-31T23:12:40+00:00,0.0,False,False
696529789.0,dotnet/aspire,C#,A1,2025-12-01T00:00:00+00:00,44db7cb016756e5f1b0c01b1f4dc36d02c130d24,2025-11-30T21:56:37+11:00,0.0,False,False
696529789.0,dotnet/aspire,C#,A1,2026-01-01T00:00:00+00:00,28f530255626ca260d98a226f4626a9494e2913a,2025-12-29T23:30:24-08:00,1.0,False,False
696529789.0,dotnet/aspire,C#,A1,2026-02-01T00:00:00+00:00,af0e27eb5b5af9dbd78889865f005e2d25746d4d,2026-01-31T08:55:49-08:00,0.0,False,False
696529789.0,dotnet/aspire,C#,A1,2026-03-01T00:00:00+00:00,ca3b88edc7ead68c8779abf85b49f4f52de0547f,2026-03-01T06:32:24+08:00,0.0,False,False
696529789.0,dotnet/aspire,C#,A2,2024-05-19T19:07:41+00:00,90cd4b58a78379650a584b297e4328fdd5319bb6,2024-05-17T20:47:59-07:00,1.0,False,False
696529789.0,dotnet/aspire,C#,A2,2024-06-19T19:07:41+00:00,faf26a8700c79ec435c2348d566caf4c1a4ebc13,2024-06-19T09:42:06-05:00,0.0,False,False
696529789.0,dotnet/aspire,C#,A2,2024-07-19T19:07:41+00:00,ffb5d9d7dfc410dd6ee0db18594e459faea65a7b,2024-07-19T10:52:56-07:00,0.0,False,False
696529789.0,dotnet/aspire,C#,A2,2024-08-19T19:07:41+00:00,734e8eec64b7fbb9e829a029e25d697c762f553e,2024-08-19T16:17:33+00:00,0.0,False,False
696529789.0,dotnet/aspire,C#,A2,2024-09-19T19:07:41+00:00,3bcf24fe7d24fba323753f548f4f606714bbb20c,2024-09-19T15:35:21+00:00,0.0,False,False
696529789.0,dotnet/aspire,C#,A2,2024-10-19T19:07:41+00:00,5b04e349f50f591118979aa11668b13c7900eb18,2024-10-19T07:05:37-07:00,0.0,False,False
696529789.0,dotnet/aspire,C#,A2,2024-11-19T19:07:41+00:00,18e1f594b1a876524327ed6ff91195ff61b8c408,2024-11-19T12:43:45-06:00,0.0,False,False
696529789.0,dotnet/aspire,C#,A2,2024-12-19T19:07:41+00:00,bdf98dd7b1102d298c0745b351c951bd765f0202,2024-12-19T02:57:14+08:00,1.0,False,False
696529789.0,dotnet/aspire,C#,A2,2025-01-19T19:07:41+00:00,adc401b113f3decdfc8a23094fb489b9f928d08e,2025-01-19T09:20:51-08:00,0.0,False,False
696529789.0,dotnet/aspire,C#,A2,2025-02-17T19:07:41+00:00,acdf5012407c2ab0259f4b6f075acb6c668949f3,2025-02-17T11:07:05+08:00,0.0,False,False
696529789.0,dotnet/aspire,C#,A2,2025-02-24T19:07:41+00:00,f053112faec54ac4e0b0cfef68c329673ea3888c,2025-02-23T06:38:29+08:00,1.0,False,False
696529789.0,dotnet/aspire,C#,A2,2025-03-03T19:07:41+00:00,c4062c95911c24422214ed014269d8be59e047aa,2025-03-03T13:41:46-05:00,0.0,False,False
696529789.0,dotnet/aspire,C#,A2,2025-03-10T19:07:41+00:00,c6903d213a40fcc8aee1daaa5c6e7997a17ae4aa,2025-03-10T11:04:22-07:00,0.0,False,False
696529789.0,dotnet/aspire,C#,A2,2025-03-17T19:07:41+00:00,1215759b738ed4624ead02bc0cf2d67c57e551fb,2025-03-17T11:19:00-07:00,0.0,False,False
696529789.0,dotnet/aspire,C#,A2,2025-03-24T19:07:41+00:00,4fdfdbf57d35265913a3bbac38b92d98ed255a5d,2025-03-24T19:46:18+01:00,0.0,False,False
696529789.0,dotnet/aspire,C#,A2,2025-03-31T19:07:41+00:00,a1dbbb6638396d3b848f38f9e23eb3ad09ae7c03,2025-03-31T06:56:49-07:00,0.0,False,False
696529789.0,dotnet/aspire,C#,A2,2025-04-07T19:07:41+00:00,4a9578ac0d8ed4b425ee4ce7076bd1b50482e256,2025-04-07T10:47:20-06:00,0.0,False,False
696529789.0,dotnet/aspire,C#,A2,2025-04-14T19:07:41+00:00,dbd002652096374043242c01c41528befeca7a93,2025-04-14T09:59:12-06:00,0.0,False,False
696529789.0,dotnet/aspire,C#,A2,2025-04-21T19:07:41+00:00,1994993c5442cf0f2866a02b3497cf9554757add,2025-04-21T19:08:47+10:00,0.0,False,False
696529789.0,dotnet/aspire,C#,A2,2025-04-28T19:07:41+00:00,4c8aaefc75d118258777d076556a66eea2c9bbd2,2025-04-28T10:13:19-07:00,0.0,False,False
696529789.0,dotnet/aspire,C#,A2,2025-05-05T19:07:41+00:00,3f8fcc1de06b055330030d6d0aeb5b96b8af68ae,2025-05-05T10:33:41-07:00,0.0,False,False
696529789.0,dotnet/aspire,C#,A2,2025-05-12T19:07:41+00:00,1a5db90166a127ff869046633cf927bdcb96b279,2025-05-12T13:05:18-06:00,0.0,False,False
696529789.0,dotnet/aspire,C#,A2,2025-05-19T19:07:41+00:00,6152b18c808f6cc04522145b70339429d2dbad86,2025-05-19T10:50:49-07:00,0.0,False,False
696529789.0,dotnet/aspire,C#,A2,2025-05-26T19:07:41+00:00,d634e1fc73c8bbd3d736f89658c7c9fe88eff211,2025-05-26T02:09:28-07:00,0.0,False,False
696529789.0,dotnet/aspire,C#,A2,2025-06-02T19:07:41+00:00,35c7abbf8a806038623eada47476f3c694ee91b9,2025-06-02T10:15:14-05:00,0.0,False,False
696529789.0,dotnet/aspire,C#,A2,2025-06-09T19:07:41+00:00,d78b7a254287a06d355ad65e78aeec75a335262c,2025-06-09T11:26:04-07:00,0.0,False,False
696529789.0,dotnet/aspire,C#,A2,2025-06-16T19:07:41+00:00,a830b4ced03fcf9e00e6942b3040cae1a90c94d3,2025-06-16T16:24:52+10:00,0.0,False,False
696529789.0,dotnet/aspire,C#,A2,2025-06-23T19:07:41+00:00,71abddb835fa8c087f895bb551df16a6965af3e5,2025-06-23T14:59:44-04:00,0.0,False,False
696529789.0,dotnet/aspire,C#,A2,2025-06-30T19:07:41+00:00,cb9d231f82f7d8a6971954c21b4808259388ab91,2025-06-30T17:59:41+00:00,0.0,False,False
696529789.0,dotnet/aspire,C#,A2,2025-07-07T19:07:41+00:00,853c9189814850a686f5445b9b1ac0f5a76e3b30,2025-07-07T11:10:03-07:00,0.0,False,False
696529789.0,dotnet/aspire,C#,A2,2025-07-14T19:07:41+00:00,67834701207ad501fbdbc9f9bada627d5ef02c68,2025-07-14T12:22:11-05:00,0.0,False,False
696529789.0,dotnet/aspire,C#,A2,2025-07-21T19:07:41+00:00,2b59cc62cc0706388aa0650379449892f07f966a,2025-07-20T08:18:07-07:00,1.0,False,False
696529789.0,dotnet/aspire,C#,A2,2025-07-28T19:07:41+00:00,979bc9dffc51eb61c1f144a2eeff08c28e0e8a20,2025-07-28T11:35:49-07:00,0.0,False,False
696529789.0,dotnet/aspire,C#,A2,2025-08-04T19:07:41+00:00,dcb8b671fd7e5ec9bf5453e819981d2695b5ca2b,2025-08-04T10:18:25+08:00,0.0,False,False
696529789.0,dotnet/aspire,C#,A2,2025-08-11T19:07:41+00:00,831a733433bf29117b5f7ffce95ed946c310e53d,2025-08-11T11:30:54-06:00,0.0,False,False
696529789.0,dotnet/aspire,C#,A2,2025-08-18T19:07:41+00:00,97a4778e64a2bad782433f2628a4570787d0da3b,2025-08-16T23:11:34+00:00,1.0,False,False
696529789.0,dotnet/aspire,C#,A2,2025-09-19T19:07:41+00:00,9ab4162369ade4983bfb0d71ef99a996a7a2f0d2,2025-09-19T15:00:48-04:00,0.0,False,False
696529789.0,dotnet/aspire,C#,A2,2025-10-19T19:07:41+00:00,fff894706f90dfc6764da5e365f839b80ffc47ed,2025-10-19T00:41:46-07:00,0.0,False,False
696529789.0,dotnet/aspire,C#,A2,2025-11-19T19:07:41+00:00,91481d9b5a5602d3d641fa8ade554c95bcac22b5,2025-11-19T08:51:30-08:00,0.0,False,False
696529789.0,dotnet/aspire,C#,A2,2025-12-19T19:07:41+00:00,4ae515ef2538c3ebc03ebe0accc0b908707feed7,2025-12-19T14:15:47+08:00,0.0,False,False
696529789.0,dotnet/aspire,C#,A2,2026-01-19T19:07:41+00:00,aa8389c51b58dd1957210c287bb00d9d68981dac,2026-01-19T12:09:50-05:00,0.0,False,False
696529789.0,dotnet/aspire,C#,A2,2026-02-19T19:07:41+00:00,dcddebab401295ea37d3cb86d9815d541b694302,2026-02-19T10:46:12-06:00,0.0,False,False
696529789.0,dotnet/aspire,C#,A2,2026-03-19T19:07:41+00:00,2a24bf9554ba8b9896ac811b9d7efd921b0c9d8e,2026-03-19T11:40:39-07:00,0.0,False,False
696529789.0,dotnet/aspire,C#,A2,2026-04-19T19:07:41+00:00,80eca9ec09dc40596c1510d805570b1f62c5cc72,2026-04-18T07:32:23+00:00,1.0,False,False
696529789.0,dotnet/aspire,C#,A2,2026-05-19T19:07:41+00:00,afbba708a700c3b727b2aedeb264ae16f0b6b8c7,2026-05-19T14:42:32-04:00,0.0,False,False
